15mm Copper Pipe,,20mm Copper Pipe,,25mm Copper Pipe,,32mm Copper Pipe,,40mm Copper Pipe,,50mm Copper Pipe,,65mm Copper Pipe,,80mm Copper Pipe,,100mm Copper Pipe,,125mm Copper Pipe,,150mm Copper Pipe,
kPa/m,m³/h,kPa/m,m³/h,kPa/m,m³/h,kPa/m,m³/h,kPa/m,m³/h,kPa/m,m³/h,kPa/m,m³/h,kPa/m,m³/h,kPa/m,m³/h,kPa/m,m³/h,kPa/m,m³/h
0.0004,0,0.0004,0,0.0004,0.345,0.0004,0.957,0.0004,1.914,0.0004,4.498,0.0004,7.943,0.0004,12.977,0.0004,31.772,0.0004,54.548,0.0004,89.956
0.0005,0,0.0005,0,0.0005,0.44,0.0005,1.187,0.0005,2.278,0.0005,4.881,0.0005,8.996,0.0005,14.738,0.0005,34.451,0.0005,62.204,0.0005,104.311
0.0006,0,0.0006,0,0.0006,0.536,0.0006,1.435,0.0006,2.584,0.0006,5.359,0.0006,10.048,0.0006,16.269,0.0006,36.844,0.0006,70.817,0.0006,115.795
0.0007,0,0.0007,0,0.0007,0.632,0.0007,1.569,0.0007,2.737,0.0007,5.704,0.0007,10.91,0.0007,17.8,0.0007,41.629,0.0007,75.602,0.0007,124.408
0.0008,0,0.0008,0.23,0.0008,0.708,0.0008,1.665,0.0008,2.871,0.0008,6.22,0.0008,11.771,0.0008,19.618,0.0008,44.978,0.0008,82.779,0.0008,135.7
0.0009,0,0.0009,0.268,0.0009,0.804,0.0009,1.761,0.0009,3.12,0.0009,6.699,0.0009,12.824,0.0009,22.011,0.0009,47.849,0.0009,89.765,0.0009,145.461
0.001,0,0.001,0.287,0.001,0.88,0.001,1.837,0.001,3.254,0.001,7.082,0.001,13.398,0.001,23.35,0.001,51.486,0.001,91.87,0.001,154.074
0.0011,0,0.0011,0.3,0.0011,0.951,0.0011,1.939,0.0011,3.318,0.0011,7.305,0.0011,13.908,0.0011,24.275,0.0011,52.825,0.0011,96.017,0.0011,159.497
0.0012,0,0.0012,0.313,0.0012,1.021,0.0012,2.042,0.0012,3.381,0.0012,7.528,0.0012,14.419,0.0012,25.201,0.0012,54.165,0.0012,100.164,0.0012,164.92
0.0013,0,0.0013,0.325,0.0013,1.091,0.0013,2.144,0.0013,3.445,0.0013,7.752,0.0013,14.929,0.0013,26.126,0.0013,55.505,0.0013,104.311,0.0013,170.343
0.0014,0,0.0014,0.351,0.0014,1.123,0.0014,2.227,0.0014,3.541,0.0014,8.102,0.0014,15.567,0.0014,26.987,0.0014,57.738,0.0014,107.82,0.0014,170.981
0.0015,0,0.0015,0.376,0.0015,1.155,0.0015,2.31,0.0015,3.637,0.0015,8.453,0.0015,16.205,0.0015,27.848,0.0015,59.971,0.0015,111.329,0.0015,171.619
0.0016,0,0.0016,0.402,0.0016,1.187,0.0016,2.392,0.0016,3.732,0.0016,8.804,0.0016,16.843,0.0016,28.709,0.0016,62.204,0.0016,114.838,0.0016,172.257
0.0017,0,0.0017,0.436,0.0017,1.24,0.0017,2.465,0.0017,3.924,0.0017,9.283,0.0017,17.896,0.0017,29.666,0.0017,65.075,0.0017,121.058,,
0.0018,0,0.0018,0.469,0.0018,1.292,0.0018,2.536,0.0018,4.115,0.0018,9.761,0.0018,18.948,0.0018,30.623,0.0018,67.946,0.0018,127.279,,
0.0019,0,0.0019,0.503,0.0019,1.346,0.0019,2.609,0.0019,4.306,0.0019,10.24,0.0019,20.001,0.0019,31.58,0.0019,70.817,0.0019,133.499,,
0.002,0,0.002,0.536,0.002,1.397,0.002,2.68,0.002,4.498,0.002,10.718,0.002,21.054,0.002,32.537,0.002,73.688,0.002,139.719,,
0.0021,0,0.0021,0.565,0.0021,1.43,0.0021,2.756,0.0021,4.603,0.0021,11.005,0.0021,21.628,0.0021,33.542,0.0021,75.678,0.0021,141.394,,
0.0022,0,0.0022,0.593,0.0022,1.462,0.0022,2.833,0.0022,4.708,0.0022,11.292,0.0022,22.202,0.0022,34.547,0.0022,77.669,0.0022,143.069,,
0.0023,0,0.0023,0.622,0.0023,1.495,0.0023,2.909,0.0023,4.814,0.0023,11.579,0.0023,22.776,0.0023,35.552,0.0023,79.659,0.0023,144.744,,
0.0024,0,0.0024,0.651,0.0024,1.527,0.0024,2.986,0.0024,4.919,0.0024,11.867,0.0024,23.35,0.0024,36.557,0.0024,81.65,0.0024,146.418,,
0.0025,0,0.0025,0.679,0.0025,1.56,0.0025,3.062,0.0025,5.024,0.0025,12.154,0.0025,23.925,0.0025,37.562,0.0025,83.64,0.0025,148.093,,
0.0026,0,0.0026,0.708,0.0026,1.592,0.0026,3.139,0.0026,5.129,0.0026,12.441,0.0026,24.499,0.0026,38.566,0.0026,85.631,0.0026,149.768,,
0.0027,0,0.0027,0.737,0.0027,1.625,0.0027,3.215,0.0027,5.235,0.0027,12.728,0.0027,25.073,0.0027,39.571,0.0027,87.621,0.0027,151.442,,
0.0028,0,0.0028,0.766,0.0028,1.657,0.0028,3.292,0.0028,5.34,0.0028,13.015,0.0028,25.647,0.0028,40.576,0.0028,89.612,0.0028,153.117,,
0.0029,0,0.0029,0.794,0.0029,1.69,0.0029,3.369,0.0029,5.445,0.0029,13.302,0.0029,26.221,0.0029,41.581,0.0029,91.602,0.0029,154.792,,
0.003,0,0.003,0.823,0.003,1.723,0.003,3.445,0.003,5.55,0.003,13.589,0.003,26.795,0.003,42.586,0.003,93.593,0.003,156.467,,
0.0031,0,0.0031,0.834,0.0031,1.746,0.0031,3.483,0.0031,5.684,0.0031,13.819,0.0031,27.274,0.0031,43.447,0.0031,95.162,0.0031,159.625,,
0.0032,0,0.0032,0.846,0.0032,1.769,0.0032,3.522,0.0032,5.818,0.0032,14.048,0.0032,27.752,0.0032,44.308,0.0032,96.732,0.0032,162.783,,
0.0033,0,0.0033,0.857,0.0033,1.791,0.0033,3.56,0.0033,5.952,0.0033,14.278,0.0033,28.231,0.0033,45.17,0.0033,98.301,0.0033,165.941,,
0.0034,0,0.0034,0.869,0.0034,1.814,0.0034,3.598,0.0034,6.086,0.0034,14.508,0.0034,28.709,0.0034,46.031,0.0034,99.871,0.0034,169.099,,
0.0035,0,0.0035,0.88,0.0035,1.837,0.0035,3.637,0.0035,6.22,0.0035,14.738,0.0035,29.188,0.0035,46.892,0.0035,101.44,0.0035,172.257,,
0.0036,0,0.0036,0.888,0.0036,1.88,0.0036,3.675,0.0036,6.316,0.0036,14.948,0.0036,29.858,0.0036,47.849,0.0036,103.163,,,,
0.0037,0,0.0037,0.896,0.0037,1.922,0.0037,3.713,0.0037,6.412,0.0037,15.159,0.0037,30.528,0.0037,48.806,0.0037,104.885,,,,
0.0038,0,0.0038,0.903,0.0038,1.964,0.0038,3.751,0.0038,6.507,0.0038,15.369,0.0038,31.198,0.0038,49.763,0.0038,106.608,,,,
0.0039,0,0.0039,0.911,0.0039,2.006,0.0039,3.79,0.0039,6.603,0.0039,15.58,0.0039,31.868,0.0039,50.72,0.0039,108.33,,,,
0.004,0,0.004,0.919,0.004,2.048,0.004,3.828,0.004,6.699,0.004,15.79,0.004,32.537,0.004,51.677,0.004,110.053,,,,
0.0041,0,0.0041,0.93,0.0041,2.073,0.0041,3.889,0.0041,6.775,0.0041,16.029,0.0041,32.824,0.0041,52.06,0.0041,111.661,,,,
0.0042,0,0.0042,0.942,0.0042,2.098,0.0042,3.95,0.0042,6.852,0.0042,16.269,0.0042,33.112,0.0042,52.443,0.0042,113.268,,,,
0.0043,0,0.0043,0.953,0.0043,2.123,0.0043,4.012,0.0043,6.929,0.0043,16.508,0.0043,33.399,0.0043,52.825,0.0043,114.876,,,,
0.0044,0,0.0044,0.965,0.0044,2.147,0.0044,4.073,0.0044,7.005,0.0044,16.747,0.0044,33.686,0.0044,53.208,0.0044,116.484,,,,
0.0045,0,0.0045,0.976,0.0045,2.172,0.0045,4.134,0.0045,7.082,0.0045,16.986,0.0045,33.973,0.0045,53.591,0.0045,118.092,,,,
0.0046,0,0.0046,0.988,0.0046,2.197,0.0046,4.195,0.0046,7.158,0.0046,17.226,0.0046,34.26,0.0046,53.974,0.0046,119.699,,,,
0.0047,0,0.0047,0.999,0.0047,2.222,0.0047,4.257,0.0047,7.235,0.0047,17.465,0.0047,34.547,0.0047,54.357,0.0047,121.307,,,,
0.0048,0,0.0048,1.011,0.0048,2.247,0.0048,4.318,0.0048,7.311,0.0048,17.704,0.0048,34.834,0.0048,54.739,0.0048,122.915,,,,
0.0049,0,0.0049,1.022,0.0049,2.272,0.0049,4.379,0.0049,7.388,0.0049,17.943,0.0049,35.121,0.0049,55.122,0.0049,124.522,,,,
0.005,0.249,0.005,1.034,0.005,2.297,0.005,4.44,0.005,7.464,0.005,18.183,0.005,35.408,0.005,55.505,0.005,126.13,,,,
0.0051,0.251,0.0051,1.045,0.0051,2.325,0.0051,4.494,0.0051,7.541,0.0051,18.47,0.0051,35.695,0.0051,56.271,0.0051,127.489,,,,
0.0052,0.253,0.0052,1.057,0.0052,2.354,0.0052,4.548,0.0052,7.618,0.0052,18.757,0.0052,35.983,0.0052,57.036,0.0052,128.848,,,,
0.0053,0.255,0.0053,1.068,0.0053,2.383,0.0053,4.601,0.0053,7.694,0.0053,19.044,0.0053,36.27,0.0053,57.802,0.0053,130.207,,,,
0.0054,0.256,0.0054,1.079,0.0054,2.412,0.0054,4.655,0.0054,7.771,0.0054,19.331,0.0054,36.557,0.0054,58.567,0.0054,131.566,,,,
0.0055,0.258,0.0055,1.091,0.0055,2.44,0.0055,4.708,0.0055,7.847,0.0055,19.618,0.0055,36.844,0.0055,59.333,0.0055,132.925,,,,
0.0056,0.26,0.0056,1.102,0.0056,2.469,0.0056,4.762,0.0056,7.924,0.0056,19.905,0.0056,37.131,0.0056,60.098,0.0056,134.284,,,,
0.0057,0.262,0.0057,1.114,0.0057,2.498,0.0057,4.816,0.0057,8,0.0057,20.192,0.0057,37.418,0.0057,60.864,0.0057,135.643,,,,
0.0058,0.264,0.0058,1.125,0.0058,2.526,0.0058,4.869,0.0058,8.077,0.0058,20.479,0.0058,37.705,0.0058,61.63,0.0058,137.002,,,,
0.0059,0.266,0.0059,1.137,0.0059,2.555,0.0059,4.923,0.0059,8.153,0.0059,20.767,0.0059,37.992,0.0059,62.395,0.0059,138.36,,,,
0.006,0.268,0.006,1.148,0.006,2.584,0.006,4.976,0.006,8.23,0.006,21.054,0.006,38.279,0.006,63.161,0.006,139.719,,,,
0.0061,0.272,0.0061,1.158,0.0061,2.609,0.0061,5.015,0.0061,8.326,0.0061,21.245,0.0061,38.662,0.0061,63.544,,,,,,
0.0062,0.276,0.0062,1.168,0.0062,2.634,0.0062,5.053,0.0062,8.421,0.0062,21.436,0.0062,39.045,0.0062,63.926,,,,,,
0.0063,0.279,0.0063,1.177,0.0063,2.658,0.0063,5.091,0.0063,8.517,0.0063,21.628,0.0063,39.428,0.0063,64.309,,,,,,
0.0064,0.283,0.0064,1.187,0.0064,2.683,0.0064,5.129,0.0064,8.613,0.0064,21.819,0.0064,39.81,0.0064,64.692,,,,,,
0.0065,0.287,0.0065,1.196,0.0065,2.708,0.0065,5.168,0.0065,8.709,0.0065,22.011,0.0065,40.193,0.0065,65.075,,,,,,
0.0066,0.291,0.0066,1.206,0.0066,2.733,0.0066,5.206,0.0066,8.804,0.0066,22.202,0.0066,40.576,0.0066,65.458,,,,,,
0.0067,0.295,0.0067,1.215,0.0067,2.758,0.0067,5.244,0.0067,8.9,0.0067,22.393,0.0067,40.959,0.0067,65.84,,,,,,
0.0068,0.299,0.0068,1.225,0.0068,2.783,0.0068,5.283,0.0068,8.996,0.0068,22.585,0.0068,41.342,0.0068,66.223,,,,,,
0.0069,0.302,0.0069,1.235,0.0069,2.808,0.0069,5.321,0.0069,9.091,0.0069,22.776,0.0069,41.724,0.0069,66.606,,,,,,
0.007,0.306,0.007,1.244,0.007,2.833,0.007,5.359,0.007,9.187,0.007,22.968,0.007,42.107,0.007,66.989,,,,,,
0.0071,0.31,0.0071,1.252,0.0071,2.858,0.0071,5.397,0.0071,9.273,0.0071,23.159,0.0071,42.394,0.0071,67.563,,,,,,
0.0072,0.314,0.0072,1.259,0.0072,2.882,0.0072,5.436,0.0072,9.359,0.0072,23.35,0.0072,42.681,0.0072,68.137,,,,,,
0.0073,0.318,0.0073,1.267,0.0073,2.907,0.0073,5.474,0.0073,9.445,0.0073,23.542,0.0073,42.968,0.0073,68.711,,,,,,
0.0074,0.322,0.0074,1.275,0.0074,2.932,0.0074,5.512,0.0074,9.532,0.0074,23.733,0.0074,43.256,0.0074,69.285,,,,,,
0.0075,0.325,0.0075,1.282,0.0075,2.957,0.0075,5.55,0.0075,9.618,0.0075,23.925,0.0075,43.543,0.0075,69.86,,,,,,
0.0076,0.329,0.0076,1.29,0.0076,2.982,0.0076,5.589,0.0076,9.704,0.0076,24.116,0.0076,43.83,0.0076,70.434,,,,,,
0.0077,0.333,0.0077,1.298,0.0077,3.007,0.0077,5.627,0.0077,9.79,0.0077,24.307,0.0077,44.117,0.0077,71.008,,,,,,
0.0078,0.337,0.0078,1.305,0.0078,3.032,0.0078,5.665,0.0078,9.876,0.0078,24.499,0.0078,44.404,0.0078,71.582,,,,,,
0.0079,0.341,0.0079,1.313,0.0079,3.057,0.0079,5.704,0.0079,9.962,0.0079,24.69,0.0079,44.691,0.0079,72.156,,,,,,
0.008,0.345,0.008,1.321,0.008,3.081,0.008,5.742,0.008,10.048,0.008,24.882,0.008,44.978,0.008,72.731,,,,,,
0.0081,0.35,0.0081,1.33,0.0081,3.099,0.0081,5.79,0.0081,10.115,0.0081,25.169,0.0081,43.638,0.0081,73.161,,,,,,
0.0082,0.356,0.0082,1.34,0.0082,3.116,0.0082,5.838,0.0082,10.182,0.0082,25.456,0.0082,42.299,0.0082,73.592,,,,,,
0.0083,0.362,0.0083,1.349,0.0083,3.133,0.0083,5.885,0.0083,10.249,0.0083,25.743,0.0083,40.959,0.0083,74.023,,,,,,
0.0084,0.367,0.0084,1.359,0.0084,3.15,0.0084,5.933,0.0084,10.316,0.0084,26.03,0.0084,39.619,0.0084,74.453,,,,,,
0.0085,0.373,0.0085,1.368,0.0085,3.168,0.0085,5.981,0.0085,10.383,0.0085,26.317,0.0085,38.279,0.0085,74.884,,,,,,
0.0086,0.379,0.0086,1.378,0.0086,3.185,0.0086,6.029,0.0086,10.45,0.0086,26.604,0.0086,36.94,0.0086,75.314,,,,,,
0.0087,0.385,0.0087,1.388,0.0087,3.202,0.0087,6.077,0.0087,10.517,0.0087,26.891,0.0087,35.6,0.0087,75.745,,,,,,
0.0088,0.39,0.0088,1.397,0.0088,3.219,0.0088,6.125,0.0088,10.584,0.0088,27.178,0.0088,34.26,0.0088,76.176,,,,,,
0.0089,0.396,0.0089,1.407,0.0089,3.237,0.0089,6.173,0.0089,10.651,0.0089,27.465,0.0089,32.92,0.0089,76.606,,,,,,
0.009,0.402,0.009,1.416,0.009,3.254,0.009,6.22,0.009,10.718,0.009,27.752,0.009,31.58,0.009,77.037,,,,,,
0.0091,0.406,0.0091,1.424,0.0091,3.273,0.0091,6.249,0.0091,10.766,0.0091,27.848,0.0091,33.638,0.0091,77.468,,,,,,
0.0092,0.41,0.0092,1.432,0.0092,3.292,0.0092,6.278,0.0092,10.814,0.0092,27.944,0.0092,35.695,0.0092,77.898,,,,,,
0.0093,0.413,0.0093,1.439,0.0093,3.311,0.0093,6.307,0.0093,10.862,0.0093,28.04,0.0093,37.753,0.0093,78.329,,,,,,
0.0094,0.417,0.0094,1.447,0.0094,3.33,0.0094,6.335,0.0094,10.91,0.0094,28.135,0.0094,39.81,0.0094,78.76,,,,,,
0.0095,0.421,0.0095,1.455,0.0095,3.349,0.0095,6.364,0.0095,10.957,0.0095,28.231,0.0095,41.868,0.0095,79.19,,,,,,
0.0096,0.425,0.0096,1.462,0.0096,3.369,0.0096,6.393,0.0096,11.005,0.0096,28.327,0.0096,43.925,0.0096,79.621,,,,,,
0.0097,0.429,0.0097,1.47,0.0097,3.388,0.0097,6.421,0.0097,11.053,0.0097,28.422,0.0097,45.983,0.0097,80.052,,,,,,
0.0098,0.433,0.0098,1.478,0.0098,3.407,0.0098,6.45,0.0098,11.101,0.0098,28.518,0.0098,48.04,0.0098,80.482,,,,,,
0.0099,0.436,0.0099,1.485,0.0099,3.426,0.0099,6.479,0.0099,11.149,0.0099,28.614,0.0099,50.098,0.0099,80.913,,,,,,
0.01,0.44,0.01,1.493,0.01,3.445,0.01,6.507,0.01,11.197,0.01,28.709,0.01,52.156,0.01,81.343,,,,,,
0.0101,0.443,0.0101,1.499,0.0101,3.453,0.0101,6.546,0.0101,11.262,0.0101,28.805,0.0101,52.385,0.0101,81.86,,,,,,
0.0102,0.446,0.0102,1.505,0.0102,3.46,0.0102,6.584,0.0102,11.327,0.0102,28.901,0.0102,52.615,0.0102,82.377,,,,,,
0.0103,0.449,0.0103,1.511,0.0103,3.468,0.0103,6.622,0.0103,11.392,0.0103,28.997,0.0103,52.845,0.0103,82.894,,,,,,
0.0104,0.452,0.0104,1.517,0.0104,3.476,0.0104,6.661,0.0104,11.457,0.0104,29.092,0.0104,53.074,0.0104,83.411,,,,,,
0.0105,0.456,0.0105,1.524,0.0105,3.483,0.0105,6.699,0.0105,11.522,0.0105,29.188,0.0105,53.304,0.0105,83.927,,,,,,
0.0106,0.459,0.0106,1.53,0.0106,3.491,0.0106,6.737,0.0106,11.587,0.0106,29.284,0.0106,53.534,0.0106,84.444,,,,,,
0.0107,0.462,0.0107,1.536,0.0107,3.499,0.0107,6.775,0.0107,11.652,0.0107,29.379,0.0107,53.763,0.0107,84.961,,,,,,
0.0108,0.465,0.0108,1.542,0.0108,3.506,0.0108,6.814,0.0108,11.717,0.0108,29.475,0.0108,53.993,0.0108,85.478,,,,,,
0.0109,0.468,0.0109,1.548,0.0109,3.514,0.0109,6.852,0.0109,11.782,0.0109,29.571,0.0109,54.223,0.0109,85.994,,,,,,
0.011,0.471,0.011,1.554,0.011,3.522,0.011,6.89,0.011,11.847,0.011,29.666,0.011,54.452,0.011,86.511,,,,,,
0.0111,0.474,0.0111,1.56,0.0111,3.529,0.0111,6.929,0.0111,11.913,0.0111,29.762,0.0111,54.682,0.0111,87.028,,,,,,
0.0112,0.477,0.0112,1.566,0.0112,3.537,0.0112,6.967,0.0112,11.978,0.0112,29.858,0.0112,54.912,0.0112,87.545,,,,,,
0.0113,0.48,0.0113,1.573,0.0113,3.545,0.0113,7.005,0.0113,12.043,0.0113,29.954,0.0113,55.141,0.0113,88.061,,,,,,
0.0114,0.483,0.0114,1.579,0.0114,3.552,0.0114,7.043,0.0114,12.108,0.0114,30.049,0.0114,55.371,0.0114,88.578,,,,,,
0.0115,0.486,0.0115,1.585,0.0115,3.56,0.0115,7.082,0.0115,12.173,0.0115,30.145,0.0115,55.601,0.0115,89.095,,,,,,
0.0116,0.489,0.0116,1.591,0.0116,3.568,0.0116,7.12,0.0116,12.238,0.0116,30.241,0.0116,55.83,0.0116,89.612,,,,,,
0.0117,0.492,0.0117,1.597,0.0117,3.575,0.0117,7.158,0.0117,12.303,0.0117,30.336,0.0117,56.06,0.0117,90.129,,,,,,
0.0118,0.495,0.0118,1.603,0.0118,3.583,0.0118,7.197,0.0118,12.368,0.0118,30.432,0.0118,56.29,0.0118,90.645,,,,,,
0.0119,0.498,0.0119,1.609,0.0119,3.591,0.0119,7.235,0.0119,12.433,0.0119,30.528,0.0119,56.519,0.0119,91.162,,,,,,
0.012,0.501,0.012,1.615,0.012,3.598,0.012,7.273,0.012,12.498,0.012,30.623,0.012,56.749,0.012,91.679,,,,,,
0.0121,0.505,0.0121,1.622,0.0121,3.606,0.0121,7.311,0.0121,12.563,0.0121,30.719,0.0121,56.979,0.0121,92.196,,,,,,
0.0122,0.508,0.0122,1.628,0.0122,3.614,0.0122,7.35,0.0122,12.628,0.0122,30.815,0.0122,57.208,0.0122,92.712,,,,,,
0.0123,0.511,0.0123,1.634,0.0123,3.621,0.0123,7.388,0.0123,12.693,0.0123,30.911,0.0123,57.438,0.0123,93.229,,,,,,
0.0124,0.514,0.0124,1.64,0.0124,3.629,0.0124,7.426,0.0124,12.758,0.0124,31.006,0.0124,57.668,0.0124,93.746,,,,,,
0.0125,0.517,0.0125,1.646,0.0125,3.637,0.0125,7.464,0.0125,12.824,0.0125,31.102,0.0125,57.897,0.0125,94.263,,,,,,
0.0126,0.519,0.0126,1.651,0.0126,3.654,0.0126,7.494,0.0126,12.875,0.0126,31.204,0.0126,58.142,0.0126,94.614,,,,,,
0.0127,0.521,0.0127,1.656,0.0127,3.671,0.0127,7.524,0.0127,12.926,0.0127,31.306,0.0127,58.387,0.0127,94.965,,,,,,
0.0128,0.523,0.0128,1.661,0.0128,3.688,0.0128,7.554,0.0128,12.977,0.0128,31.408,0.0128,58.631,0.0128,95.315,,,,,,
0.0129,0.525,0.0129,1.666,0.0129,3.705,0.0129,7.584,0.0129,13.028,0.0129,31.51,0.0129,58.876,0.0129,95.666,,,,,,
0.013,0.527,0.013,1.672,0.013,3.722,0.013,7.613,0.013,13.079,0.013,31.612,0.013,59.12,0.013,96.017,,,,,,
0.0131,0.53,0.0131,1.677,0.0131,3.739,0.0131,7.643,0.0131,13.13,0.0131,31.714,0.0131,59.365,0.0131,96.368,,,,,,
0.0132,0.532,0.0132,1.682,0.0132,3.756,0.0132,7.673,0.0132,13.181,0.0132,31.816,0.0132,59.609,0.0132,96.719,,,,,,
0.0133,0.534,0.0133,1.687,0.0133,3.773,0.0133,7.703,0.0133,13.232,0.0133,31.919,0.0133,59.854,0.0133,97.07,,,,,,
0.0134,0.536,0.0134,1.692,0.0134,3.79,0.0134,7.732,0.0134,13.283,0.0134,32.021,0.0134,60.098,0.0134,97.421,,,,,,
0.0135,0.538,0.0135,1.697,0.0135,3.807,0.0135,7.762,0.0135,13.334,0.0135,32.123,0.0135,60.343,0.0135,97.772,,,,,,
0.0136,0.54,0.0136,1.702,0.0136,3.824,0.0136,7.792,0.0136,13.385,0.0136,32.225,0.0136,60.588,0.0136,98.123,,,,,,
0.0137,0.542,0.0137,1.707,0.0137,3.841,0.0137,7.822,0.0137,13.436,0.0137,32.327,0.0137,60.832,0.0137,98.473,,,,,,
0.0138,0.544,0.0138,1.712,0.0138,3.858,0.0138,7.852,0.0138,13.487,0.0138,32.429,0.0138,61.077,0.0138,98.824,,,,,,
0.0139,0.547,0.0139,1.717,0.0139,3.875,0.0139,7.881,0.0139,13.538,0.0139,32.531,0.0139,61.321,0.0139,99.175,,,,,,
0.014,0.549,0.014,1.723,0.014,3.892,0.014,7.911,0.014,13.589,0.014,32.633,0.014,61.566,0.014,99.526,,,,,,
0.0141,0.551,0.0141,1.728,0.0141,3.909,0.0141,7.941,0.0141,13.64,0.0141,32.735,0.0141,61.81,0.0141,99.877,,,,,,
0.0142,0.553,0.0142,1.733,0.0142,3.926,0.0142,7.971,0.0142,13.691,0.0142,32.837,0.0142,62.055,0.0142,100.228,,,,,,
0.0143,0.555,0.0143,1.738,0.0143,3.943,0.0143,8,0.0143,13.742,0.0143,32.939,0.0143,62.3,0.0143,100.579,,,,,,
0.0144,0.557,0.0144,1.743,0.0144,3.96,0.0144,8.03,0.0144,13.793,0.0144,33.041,0.0144,62.544,0.0144,100.93,,,,,,
0.0145,0.559,0.0145,1.748,0.0145,3.977,0.0145,8.06,0.0145,13.844,0.0145,33.143,0.0145,62.789,0.0145,101.281,,,,,,
0.0146,0.561,0.0146,1.753,0.0146,3.994,0.0146,8.09,0.0146,13.895,0.0146,33.246,0.0146,63.033,0.0146,101.631,,,,,,
0.0147,0.564,0.0147,1.758,0.0147,4.011,0.0147,8.119,0.0147,13.946,0.0147,33.348,0.0147,63.278,0.0147,101.982,,,,,,
0.0148,0.566,0.0148,1.763,0.0148,4.028,0.0148,8.149,0.0148,13.997,0.0148,33.45,0.0148,63.522,0.0148,102.333,,,,,,
0.0149,0.568,0.0149,1.769,0.0149,4.045,0.0149,8.179,0.0149,14.048,0.0149,33.552,0.0149,63.767,0.0149,102.684,,,,,,
0.015,0.57,0.015,1.774,0.015,4.062,0.015,8.209,0.015,14.1,0.015,33.654,0.015,64.011,0.015,103.035,,,,,,
0.0151,0.572,0.0151,1.779,0.0151,4.079,0.0151,8.239,0.0151,14.151,0.0151,33.756,0.0151,64.256,0.0151,103.386,,,,,,
0.0152,0.574,0.0152,1.784,0.0152,4.096,0.0152,8.268,0.0152,14.202,0.0152,33.858,0.0152,64.501,0.0152,103.737,,,,,,
0.0153,0.576,0.0153,1.789,0.0153,4.113,0.0153,8.298,0.0153,14.253,0.0153,33.96,0.0153,64.745,0.0153,104.088,,,,,,
0.0154,0.578,0.0154,1.794,0.0154,4.13,0.0154,8.328,0.0154,14.304,0.0154,34.062,0.0154,64.99,0.0154,104.439,,,,,,
0.0155,0.581,0.0155,1.799,0.0155,4.147,0.0155,8.358,0.0155,14.355,0.0155,34.164,0.0155,65.234,0.0155,104.79,,,,,,
0.0156,0.583,0.0156,1.804,0.0156,4.164,0.0156,8.387,0.0156,14.406,0.0156,34.266,0.0156,65.479,0.0156,105.14,,,,,,
0.0157,0.585,0.0157,1.809,0.0157,4.181,0.0157,8.417,0.0157,14.457,0.0157,34.368,0.0157,65.723,0.0157,105.491,,,,,,
0.0158,0.587,0.0158,1.814,0.0158,4.198,0.0158,8.447,0.0158,14.508,0.0158,34.47,0.0158,65.968,0.0158,105.842,,,,,,
0.0159,0.589,0.0159,1.82,0.0159,4.215,0.0159,8.477,0.0159,14.559,0.0159,34.573,0.0159,66.213,0.0159,106.193,,,,,,
0.016,0.591,0.016,1.825,0.016,4.232,0.016,8.507,0.016,14.61,0.016,34.675,0.016,66.457,0.016,106.544,,,,,,
0.0161,0.593,0.0161,1.83,0.0161,4.249,0.0161,8.536,0.0161,14.661,0.0161,34.777,0.0161,66.702,0.0161,106.895,,,,,,
0.0162,0.595,0.0162,1.835,0.0162,4.266,0.0162,8.566,0.0162,14.712,0.0162,34.879,0.0162,66.946,0.0162,107.246,,,,,,
0.0163,0.598,0.0163,1.84,0.0163,4.283,0.0163,8.596,0.0163,14.763,0.0163,34.981,0.0163,67.191,0.0163,107.597,,,,,,
0.0164,0.6,0.0164,1.845,0.0164,4.3,0.0164,8.626,0.0164,14.814,0.0164,35.083,0.0164,67.435,0.0164,107.948,,,,,,
0.0165,0.602,0.0165,1.85,0.0165,4.317,0.0165,8.655,0.0165,14.865,0.0165,35.185,0.0165,67.68,0.0165,108.298,,,,,,
0.0166,0.604,0.0166,1.855,0.0166,4.334,0.0166,8.685,0.0166,14.916,0.0166,35.287,0.0166,67.924,0.0166,108.649,,,,,,
0.0167,0.606,0.0167,1.86,0.0167,4.351,0.0167,8.715,0.0167,14.967,0.0167,35.389,0.0167,68.169,0.0167,109,,,,,,
0.0168,0.608,0.0168,1.865,0.0168,4.368,0.0168,8.745,0.0168,15.018,0.0168,35.491,0.0168,68.414,0.0168,109.351,,,,,,
0.0169,0.61,0.0169,1.871,0.0169,4.385,0.0169,8.774,0.0169,15.069,0.0169,35.593,0.0169,68.658,0.0169,109.702,,,,,,
0.017,0.612,0.017,1.876,0.017,4.402,0.017,8.804,0.017,15.12,0.017,35.695,0.017,68.903,0.017,110.053,,,,,,
0.0171,0.615,0.0171,1.891,0.0171,4.49,0.0171,8.836,0.0171,15.178,0.0171,35.845,0.0171,69.126,0.0171,110.397,,,,,,
0.0172,0.618,0.0172,1.906,0.0172,4.578,0.0172,8.868,0.0172,15.235,0.0172,35.995,0.0172,69.349,0.0172,110.742,,,,,,
0.0173,0.62,0.0173,1.922,0.0173,4.666,0.0173,8.9,0.0173,15.293,0.0173,36.145,0.0173,69.573,0.0173,111.086,,,,,,
0.0174,0.623,0.0174,1.937,0.0174,4.754,0.0174,8.932,0.0174,15.35,0.0174,36.295,0.0174,69.796,0.0174,111.431,,,,,,
0.0175,0.625,0.0175,1.952,0.0175,4.842,0.0175,8.964,0.0175,15.407,0.0175,36.445,0.0175,70.019,0.0175,111.775,,,,,,
0.0176,0.628,0.0176,1.968,0.0176,4.93,0.0176,8.996,0.0176,15.465,0.0176,36.595,0.0176,70.242,0.0176,112.12,,,,,,
0.0177,0.63,0.0177,1.983,0.0177,5.018,0.0177,9.028,0.0177,15.522,0.0177,36.745,0.0177,70.466,0.0177,112.465,,,,,,
0.0178,0.633,0.0178,1.998,0.0178,5.106,0.0178,9.059,0.0178,15.58,0.0178,36.895,0.0178,70.689,0.0178,112.809,,,,,,
0.0179,0.635,0.0179,2.013,0.0179,5.194,0.0179,9.091,0.0179,15.637,0.0179,37.045,0.0179,70.912,0.0179,113.154,,,,,,
0.018,0.638,0.018,2.029,0.018,5.283,0.018,9.123,0.018,15.695,0.018,37.195,0.018,71.136,0.018,113.498,,,,,,
0.0181,0.641,0.0181,2.044,0.0181,5.371,0.0181,9.155,0.0181,15.752,0.0181,37.345,0.0181,71.359,0.0181,113.843,,,,,,
0.0182,0.643,0.0182,2.059,0.0182,5.459,0.0182,9.187,0.0182,15.809,0.0182,37.495,0.0182,71.582,0.0182,114.187,,,,,,
0.0183,0.646,0.0183,2.075,0.0183,5.547,0.0183,9.219,0.0183,15.867,0.0183,37.644,0.0183,71.806,0.0183,114.532,,,,,,
0.0184,0.648,0.0184,2.09,0.0184,5.635,0.0184,9.251,0.0184,15.924,0.0184,37.794,0.0184,72.029,0.0184,114.876,,,,,,
0.0185,0.651,0.0185,2.105,0.0185,5.723,0.0185,9.283,0.0185,15.982,0.0185,37.944,0.0185,72.252,0.0185,115.221,,,,,,
0.0186,0.653,0.0186,2.121,0.0186,5.811,0.0186,9.315,0.0186,16.039,0.0186,38.094,0.0186,72.475,0.0186,115.565,,,,,,
0.0187,0.656,0.0187,2.136,0.0187,5.899,0.0187,9.347,0.0187,16.096,0.0187,38.244,0.0187,72.699,0.0187,115.91,,,,,,
0.0188,0.658,0.0188,2.151,0.0188,5.987,0.0188,9.378,0.0188,16.154,0.0188,38.394,0.0188,72.922,0.0188,116.254,,,,,,
0.0189,0.661,0.0189,2.167,0.0189,6.075,0.0189,9.41,0.0189,16.211,0.0189,38.544,0.0189,73.145,0.0189,116.599,,,,,,
0.019,0.664,0.019,2.182,0.019,6.163,0.019,9.442,0.019,16.269,0.019,38.694,0.019,73.369,0.019,116.943,,,,,,
0.0191,0.666,0.0191,2.197,0.0191,6.251,0.0191,9.474,0.0191,16.326,0.0191,38.844,0.0191,73.592,0.0191,117.288,,,,,,
0.0192,0.669,0.0192,2.213,0.0192,6.339,0.0192,9.506,0.0192,16.384,0.0192,38.994,0.0192,73.815,0.0192,117.632,,,,,,
0.0193,0.671,0.0193,2.228,0.0193,6.427,0.0193,9.538,0.0193,16.441,0.0193,39.144,0.0193,74.039,0.0193,117.977,,,,,,
0.0194,0.674,0.0194,2.243,0.0194,6.515,0.0194,9.57,0.0194,16.498,0.0194,39.294,0.0194,74.262,0.0194,118.321,,,,,,
0.0195,0.676,0.0195,2.258,0.0195,6.603,0.0195,9.602,0.0195,16.556,0.0195,39.444,0.0195,74.485,0.0195,118.666,,,,,,
0.0196,0.679,0.0196,2.274,0.0196,6.691,0.0196,9.634,0.0196,16.613,0.0196,39.594,0.0196,74.708,0.0196,119.01,,,,,,
0.0197,0.681,0.0197,2.289,0.0197,6.779,0.0197,9.666,0.0197,16.671,0.0197,39.743,0.0197,74.932,0.0197,119.355,,,,,,
0.0198,0.684,0.0198,2.304,0.0198,6.867,0.0198,9.697,0.0198,16.728,0.0198,39.893,0.0198,75.155,0.0198,119.699,,,,,,
0.0199,0.686,0.0199,2.32,0.0199,6.955,0.0199,9.729,0.0199,16.785,0.0199,40.043,0.0199,75.378,0.0199,120.044,,,,,,
0.02,0.689,0.02,2.335,0.02,7.043,0.02,9.761,0.02,16.843,0.02,40.193,0.02,75.602,0.02,120.388,,,,,,
0.0201,0.69,0.0201,2.34,0.0201,7.037,0.0201,9.787,0.0201,16.899,0.0201,40.308,0.0201,75.802,0.0201,120.716,,,,,,
0.0202,0.692,0.0202,2.346,0.0202,7.03,0.0202,9.813,0.0202,16.956,0.0202,40.423,0.0202,76.002,0.0202,121.043,,,,,,
0.0203,0.693,0.0203,2.351,0.0203,7.023,0.0203,9.839,0.0203,17.012,0.0203,40.538,0.0203,76.202,0.0203,121.37,,,,,,
0.0204,0.694,0.0204,2.356,0.0204,7.017,0.0204,9.865,0.0204,17.069,0.0204,40.653,0.0204,76.402,0.0204,121.697,,,,,,
0.0205,0.696,0.0205,2.362,0.0205,7.01,0.0205,9.89,0.0205,17.125,0.0205,40.767,0.0205,76.602,0.0205,122.025,,,,,,
0.0206,0.697,0.0206,2.367,0.0206,7.003,0.0206,9.916,0.0206,17.182,0.0206,40.882,0.0206,76.802,0.0206,122.352,,,,,,
0.0207,0.698,0.0207,2.373,0.0207,6.996,0.0207,9.942,0.0207,17.238,0.0207,40.997,0.0207,77.002,0.0207,122.679,,,,,,
0.0208,0.7,0.0208,2.378,0.0208,6.99,0.0208,9.968,0.0208,17.295,0.0208,41.112,0.0208,77.202,0.0208,123.007,,,,,,
0.0209,0.701,0.0209,2.383,0.0209,6.983,0.0209,9.994,0.0209,17.351,0.0209,41.227,0.0209,77.402,0.0209,123.334,,,,,,
0.021,0.702,0.021,2.389,0.021,6.976,0.021,10.02,0.021,17.408,0.021,41.342,0.021,77.602,0.021,123.661,,,,,,
0.0211,0.704,0.0211,2.394,0.0211,6.97,0.0211,10.045,0.0211,17.464,0.0211,41.456,0.0211,77.802,0.0211,123.988,,,,,,
0.0212,0.705,0.0212,2.399,0.0212,6.963,0.0212,10.071,0.0212,17.52,0.0212,41.571,0.0212,78.002,0.0212,124.316,,,,,,
0.0213,0.706,0.0213,2.405,0.0213,6.956,0.0213,10.097,0.0213,17.577,0.0213,41.686,0.0213,78.202,0.0213,124.643,,,,,,
0.0214,0.708,0.0214,2.41,0.0214,6.95,0.0214,10.123,0.0214,17.633,0.0214,41.801,0.0214,78.402,0.0214,124.97,,,,,,
0.0215,0.709,0.0215,2.415,0.0215,6.943,0.0215,10.149,0.0215,17.69,0.0215,41.916,0.0215,78.602,0.0215,125.298,,,,,,
0.0216,0.71,0.0216,2.421,0.0216,6.936,0.0216,10.175,0.0216,17.746,0.0216,42.031,0.0216,78.802,0.0216,125.625,,,,,,
0.0217,0.712,0.0217,2.426,0.0217,6.93,0.0217,10.2,0.0217,17.803,0.0217,42.145,0.0217,79.002,0.0217,125.952,,,,,,
0.0218,0.713,0.0218,2.431,0.0218,6.923,0.0218,10.226,0.0218,17.859,0.0218,42.26,0.0218,79.202,0.0218,126.28,,,,,,
0.0219,0.714,0.0219,2.437,0.0219,6.916,0.0219,10.252,0.0219,17.916,0.0219,42.375,0.0219,79.402,0.0219,126.607,,,,,,
0.022,0.716,0.022,2.442,0.022,6.909,0.022,10.278,0.022,17.972,0.022,42.49,0.022,79.602,0.022,126.934,,,,,,
0.0221,0.717,0.0221,2.448,0.0221,6.903,0.0221,10.304,0.0221,18.029,0.0221,42.605,0.0221,79.802,0.0221,127.261,,,,,,
0.0222,0.719,0.0222,2.453,0.0222,6.896,0.0222,10.33,0.0222,18.085,0.0222,42.72,0.0222,80.002,0.0222,127.589,,,,,,
0.0223,0.72,0.0223,2.458,0.0223,6.889,0.0223,10.356,0.0223,18.142,0.0223,42.835,0.0223,80.202,0.0223,127.916,,,,,,
0.0224,0.721,0.0224,2.464,0.0224,6.883,0.0224,10.381,0.0224,18.198,0.0224,42.949,0.0224,80.402,0.0224,128.243,,,,,,
0.0225,0.723,0.0225,2.469,0.0225,6.876,0.0225,10.407,0.0225,18.254,0.0225,43.064,0.0225,80.602,0.0225,128.571,,,,,,
0.0226,0.724,0.0226,2.474,0.0226,6.869,0.0226,10.433,0.0226,18.311,0.0226,43.179,0.0226,80.802,0.0226,128.898,,,,,,
0.0227,0.725,0.0227,2.48,0.0227,6.863,0.0227,10.459,0.0227,18.367,0.0227,43.294,0.0227,81.002,0.0227,129.225,,,,,,
0.0228,0.727,0.0228,2.485,0.0228,6.856,0.0228,10.485,0.0228,18.424,0.0228,43.409,0.0228,81.202,0.0228,129.552,,,,,,
0.0229,0.728,0.0229,2.49,0.0229,6.849,0.0229,10.511,0.0229,18.48,0.0229,43.524,0.0229,81.402,0.0229,129.88,,,,,,
0.023,0.729,0.023,2.496,0.023,6.842,0.023,10.536,0.023,18.537,0.023,43.638,0.023,81.602,0.023,130.207,,,,,,
0.0231,0.731,0.0231,2.501,0.0231,6.836,0.0231,10.562,0.0231,18.593,0.0231,43.753,0.0231,81.802,0.0231,130.534,,,,,,
0.0232,0.732,0.0232,2.507,0.0232,6.829,0.0232,10.588,0.0232,18.65,0.0232,43.868,0.0232,82.002,0.0232,130.862,,,,,,
0.0233,0.733,0.0233,2.512,0.0233,6.822,0.0233,10.614,0.0233,18.706,0.0233,43.983,0.0233,82.202,0.0233,131.189,,,,,,
0.0234,0.735,0.0234,2.517,0.0234,6.816,0.0234,10.64,0.0234,18.763,0.0234,44.098,0.0234,82.402,0.0234,131.516,,,,,,
0.0235,0.736,0.0235,2.523,0.0235,6.809,0.0235,10.666,0.0235,18.819,0.0235,44.213,0.0235,82.602,0.0235,131.843,,,,,,
0.0236,0.737,0.0236,2.528,0.0236,6.802,0.0236,10.691,0.0236,18.876,0.0236,44.327,0.0236,82.802,0.0236,132.171,,,,,,
0.0237,0.739,0.0237,2.533,0.0237,6.796,0.0237,10.717,0.0237,18.932,0.0237,44.442,0.0237,83.002,0.0237,132.498,,,,,,
0.0238,0.74,0.0238,2.539,0.0238,6.789,0.0238,10.743,0.0238,18.988,0.0238,44.557,0.0238,83.202,0.0238,132.825,,,,,,
0.0239,0.741,0.0239,2.544,0.0239,6.782,0.0239,10.769,0.0239,19.045,0.0239,44.672,0.0239,83.402,0.0239,133.153,,,,,,
0.024,0.743,0.024,2.549,0.024,6.775,0.024,10.795,0.024,19.101,0.024,44.787,0.024,83.602,0.024,133.48,,,,,,
0.0241,0.744,0.0241,2.555,0.0241,6.769,0.0241,10.821,0.0241,19.158,0.0241,44.902,0.0241,83.802,0.0241,133.807,,,,,,
0.0242,0.745,0.0242,2.56,0.0242,6.762,0.0242,10.846,0.0242,19.214,0.0242,45.016,0.0242,84.002,0.0242,134.134,,,,,,
0.0243,0.747,0.0243,2.565,0.0243,6.755,0.0243,10.872,0.0243,19.271,0.0243,45.131,0.0243,84.202,0.0243,134.462,,,,,,
0.0244,0.748,0.0244,2.571,0.0244,6.749,0.0244,10.898,0.0244,19.327,0.0244,45.246,0.0244,84.402,0.0244,134.789,,,,,,
0.0245,0.749,0.0245,2.576,0.0245,6.742,0.0245,10.924,0.0245,19.384,0.0245,45.361,0.0245,84.602,0.0245,135.116,,,,,,
0.0246,0.751,0.0246,2.582,0.0246,6.735,0.0246,10.95,0.0246,19.44,0.0246,45.476,0.0246,84.802,0.0246,135.444,,,,,,
0.0247,0.752,0.0247,2.587,0.0247,6.729,0.0247,10.976,0.0247,19.497,0.0247,45.591,0.0247,85.002,0.0247,135.771,,,,,,
0.0248,0.753,0.0248,2.592,0.0248,6.722,0.0248,11.001,0.0248,19.553,0.0248,45.705,0.0248,85.202,0.0248,136.098,,,,,,
0.0249,0.755,0.0249,2.598,0.0249,6.715,0.0249,11.027,0.0249,19.61,0.0249,45.82,0.0249,85.402,0.0249,136.425,,,,,,
0.025,0.756,0.025,2.603,0.025,6.708,0.025,11.053,0.025,19.666,0.025,45.935,0.025,85.602,0.025,136.753,,,,,,
0.0251,0.757,0.0251,2.608,0.0251,6.702,0.0251,11.079,0.0251,19.722,0.0251,46.05,0.0251,85.802,0.0251,137.08,,,,,,
0.0252,0.759,0.0252,2.614,0.0252,6.695,0.0252,11.105,0.0252,19.779,0.0252,46.165,0.0252,86.002,0.0252,137.407,,,,,,
0.0253,0.76,0.0253,2.619,0.0253,6.688,0.0253,11.131,0.0253,19.835,0.0253,46.28,0.0253,86.202,0.0253,137.735,,,,,,
0.0254,0.761,0.0254,2.624,0.0254,6.682,0.0254,11.156,0.0254,19.892,0.0254,46.394,0.0254,86.402,0.0254,138.062,,,,,,
0.0255,0.763,0.0255,2.63,0.0255,6.675,0.0255,11.182,0.0255,19.948,0.0255,46.509,0.0255,86.602,0.0255,138.389,,,,,,
0.0256,0.764,0.0256,2.635,0.0256,6.668,0.0256,11.208,0.0256,20.005,0.0256,46.624,0.0256,86.802,0.0256,138.716,,,,,,
0.0257,0.765,0.0257,2.641,0.0257,6.662,0.0257,11.234,0.0257,20.061,0.0257,46.739,0.0257,87.002,0.0257,139.044,,,,,,
0.0258,0.767,0.0258,2.646,0.0258,6.655,0.0258,11.26,0.0258,20.118,0.0258,46.854,0.0258,87.202,0.0258,139.371,,,,,,
0.0259,0.768,0.0259,2.651,0.0259,6.648,0.0259,11.286,0.0259,20.174,0.0259,46.969,0.0259,87.402,0.0259,139.698,,,,,,
0.026,0.769,0.026,2.657,0.026,6.641,0.026,11.312,0.026,20.231,0.026,47.084,0.026,87.602,0.026,140.026,,,,,,
0.0261,0.771,0.0261,2.662,0.0261,6.635,0.0261,11.337,0.0261,20.287,0.0261,47.198,0.0261,87.802,0.0261,140.353,,,,,,
0.0262,0.772,0.0262,2.667,0.0262,6.628,0.0262,11.363,0.0262,20.344,0.0262,47.313,0.0262,88.002,0.0262,140.68,,,,,,
0.0263,0.773,0.0263,2.673,0.0263,6.621,0.0263,11.389,0.0263,20.4,0.0263,47.428,0.0263,88.202,0.0263,141.007,,,,,,
0.0264,0.775,0.0264,2.678,0.0264,6.615,0.0264,11.415,0.0264,20.456,0.0264,47.543,0.0264,88.402,0.0264,141.335,,,,,,
0.0265,0.776,0.0265,2.683,0.0265,6.608,0.0265,11.441,0.0265,20.513,0.0265,47.658,0.0265,88.602,0.0265,141.662,,,,,,
0.0266,0.777,0.0266,2.689,0.0266,6.601,0.0266,11.467,0.0266,20.569,0.0266,47.773,0.0266,88.802,0.0266,141.989,,,,,,
0.0267,0.779,0.0267,2.694,0.0267,6.595,0.0267,11.492,0.0267,20.626,0.0267,47.887,0.0267,89.002,0.0267,142.317,,,,,,
0.0268,0.78,0.0268,2.699,0.0268,6.588,0.0268,11.518,0.0268,20.682,0.0268,48.002,0.0268,89.202,0.0268,142.644,,,,,,
0.0269,0.781,0.0269,2.705,0.0269,6.581,0.0269,11.544,0.0269,20.739,0.0269,48.117,0.0269,89.402,0.0269,142.971,,,,,,
0.027,0.783,0.027,2.71,0.027,6.574,0.027,11.57,0.027,20.795,0.027,48.232,0.027,89.602,0.027,143.298,,,,,,
0.0271,0.784,0.0271,2.716,0.0271,6.568,0.0271,11.596,0.0271,20.852,0.0271,48.347,0.0271,89.802,0.0271,143.626,,,,,,
0.0272,0.785,0.0272,2.721,0.0272,6.561,0.0272,11.622,0.0272,20.908,0.0272,48.462,0.0272,90.002,0.0272,143.953,,,,,,
0.0273,0.787,0.0273,2.726,0.0273,6.554,0.0273,11.647,0.0273,20.965,0.0273,48.576,0.0273,90.202,0.0273,144.28,,,,,,
0.0274,0.788,0.0274,2.732,0.0274,6.548,0.0274,11.673,0.0274,21.021,0.0274,48.691,0.0274,90.402,0.0274,144.608,,,,,,
0.0275,0.79,0.0275,2.737,0.0275,6.541,0.0275,11.699,0.0275,21.078,0.0275,48.806,0.0275,90.602,0.0275,144.935,,,,,,
0.0276,0.791,0.0276,2.742,0.0276,6.534,0.0276,11.725,0.0276,21.134,0.0276,48.921,0.0276,90.802,0.0276,145.262,,,,,,
0.0277,0.792,0.0277,2.748,0.0277,6.528,0.0277,11.751,0.0277,21.19,0.0277,49.036,0.0277,91.002,0.0277,145.589,,,,,,
0.0278,0.794,0.0278,2.753,0.0278,6.521,0.0278,11.777,0.0278,21.247,0.0278,49.151,0.0278,91.202,0.0278,145.917,,,,,,
0.0279,0.795,0.0279,2.758,0.0279,6.514,0.0279,11.802,0.0279,21.303,0.0279,49.265,0.0279,91.402,0.0279,146.244,,,,,,
0.028,0.796,0.028,2.764,0.028,6.507,0.028,11.828,0.028,21.36,0.028,49.38,0.028,91.602,0.028,146.571,,,,,,
0.0281,0.798,0.0281,2.769,0.0281,6.501,0.0281,11.854,0.0281,21.416,0.0281,49.495,0.0281,91.802,0.0281,146.899,,,,,,
0.0282,0.799,0.0282,2.774,0.0282,6.494,0.0282,11.88,0.0282,21.473,0.0282,49.61,0.0282,92.002,0.0282,147.226,,,,,,
0.0283,0.8,0.0283,2.78,0.0283,6.487,0.0283,11.906,0.0283,21.529,0.0283,49.725,0.0283,92.202,0.0283,147.553,,,,,,
0.0284,0.802,0.0284,2.785,0.0284,6.481,0.0284,11.932,0.0284,21.586,0.0284,49.84,0.0284,92.402,0.0284,147.881,,,,,,
0.0285,0.803,0.0285,2.791,0.0285,6.474,0.0285,11.957,0.0285,21.642,0.0285,49.954,0.0285,92.602,0.0285,148.208,,,,,,
0.0286,0.804,0.0286,2.796,0.0286,6.467,0.0286,11.983,0.0286,21.699,0.0286,50.069,0.0286,92.802,0.0286,148.535,,,,,,
0.0287,0.806,0.0287,2.801,0.0287,6.461,0.0287,12.009,0.0287,21.755,0.0287,50.184,0.0287,93.002,0.0287,148.862,,,,,,
0.0288,0.807,0.0288,2.807,0.0288,6.454,0.0288,12.035,0.0288,21.812,0.0288,50.299,0.0288,93.202,0.0288,149.19,,,,,,
0.0289,0.808,0.0289,2.812,0.0289,6.447,0.0289,12.061,0.0289,21.868,0.0289,50.414,0.0289,93.402,0.0289,149.517,,,,,,
0.029,0.81,0.029,2.817,0.029,6.44,0.029,12.087,0.029,21.924,0.029,50.529,0.029,93.602,0.029,149.844,,,,,,
0.0291,0.811,0.0291,2.823,0.0291,6.434,0.0291,12.113,0.0291,21.981,0.0291,50.643,0.0291,93.802,0.0291,150.172,,,,,,
0.0292,0.812,0.0292,2.828,0.0292,6.427,0.0292,12.138,0.0292,22.037,0.0292,50.758,0.0292,94.002,0.0292,150.499,,,,,,
0.0293,0.814,0.0293,2.833,0.0293,6.42,0.0293,12.164,0.0293,22.094,0.0293,50.873,0.0293,94.202,0.0293,150.826,,,,,,
0.0294,0.815,0.0294,2.839,0.0294,6.414,0.0294,12.19,0.0294,22.15,0.0294,50.988,0.0294,94.402,0.0294,151.153,,,,,,
0.0295,0.816,0.0295,2.844,0.0295,6.407,0.0295,12.216,0.0295,22.207,0.0295,51.103,0.0295,94.602,0.0295,151.481,,,,,,
0.0296,0.818,0.0296,2.85,0.0296,6.4,0.0296,12.242,0.0296,22.263,0.0296,51.218,0.0296,94.802,0.0296,151.808,,,,,,
0.0297,0.819,0.0297,2.855,0.0297,6.394,0.0297,12.268,0.0297,22.32,0.0297,51.333,0.0297,95.002,0.0297,152.135,,,,,,
0.0298,0.82,0.0298,2.86,0.0298,6.387,0.0298,12.293,0.0298,22.376,0.0298,51.447,0.0298,95.202,0.0298,152.463,,,,,,
0.0299,0.822,0.0299,2.866,0.0299,6.38,0.0299,12.319,0.0299,22.433,0.0299,51.562,0.0299,95.402,0.0299,152.79,,,,,,
0.03,0.823,0.03,2.871,0.03,6.374,0.03,12.345,0.03,22.489,0.03,51.677,0.03,95.603,0.03,153.117,,,,,,
0.0301,0.824,0.0301,2.877,0.0301,6.384,0.0301,12.369,0.0301,22.527,0.0301,51.754,0.0301,95.776,0.0301,153.213,,,,,,
0.0302,0.826,0.0302,2.882,0.0302,6.395,0.0302,12.393,0.0302,22.566,0.0302,51.83,0.0302,95.949,0.0302,153.309,,,,,,
0.0303,0.827,0.0303,2.888,0.0303,6.406,0.0303,12.417,0.0303,22.604,0.0303,51.907,0.0303,96.122,0.0303,153.404,,,,,,
0.0304,0.828,0.0304,2.894,0.0304,6.417,0.0304,12.441,0.0304,22.642,0.0304,51.983,0.0304,96.295,0.0304,153.5,,,,,,
0.0305,0.83,0.0305,2.9,0.0305,6.428,0.0305,12.465,0.0305,22.68,0.0305,52.06,0.0305,96.469,0.0305,153.596,,,,,,
0.0306,0.831,0.0306,2.905,0.0306,6.439,0.0306,12.489,0.0306,22.719,0.0306,52.136,0.0306,96.642,0.0306,153.691,,,,,,
0.0307,0.832,0.0307,2.911,0.0307,6.45,0.0307,12.513,0.0307,22.757,0.0307,52.213,0.0307,96.815,0.0307,153.787,,,,,,
0.0308,0.834,0.0308,2.917,0.0308,6.461,0.0308,12.536,0.0308,22.795,0.0308,52.289,0.0308,96.988,0.0308,153.883,,,,,,
0.0309,0.835,0.0309,2.923,0.0309,6.472,0.0309,12.56,0.0309,22.834,0.0309,52.366,0.0309,97.161,0.0309,153.978,,,,,,
0.031,0.836,0.031,2.928,0.031,6.483,0.031,12.584,0.031,22.872,0.031,52.443,0.031,97.335,0.031,154.074,,,,,,
0.0311,0.838,0.0311,2.934,0.0311,6.494,0.0311,12.608,0.0311,22.91,0.0311,52.519,0.0311,97.508,0.0311,154.17,,,,,,
0.0312,0.839,0.0312,2.94,0.0312,6.504,0.0312,12.632,0.0312,22.948,0.0312,52.596,0.0312,97.681,0.0312,154.265,,,,,,
0.0313,0.84,0.0313,2.946,0.0313,6.515,0.0313,12.656,0.0313,22.987,0.0313,52.672,0.0313,97.854,0.0313,154.361,,,,,,
0.0314,0.842,0.0314,2.951,0.0314,6.526,0.0314,12.68,0.0314,23.025,0.0314,52.749,0.0314,98.027,0.0314,154.457,,,,,,
0.0315,0.843,0.0315,2.957,0.0315,6.537,0.0315,12.704,0.0315,23.063,0.0315,52.825,0.0315,98.201,0.0315,154.553,,,,,,
0.0316,0.844,0.0316,2.963,0.0316,6.548,0.0316,12.728,0.0316,23.102,0.0316,52.902,0.0316,98.374,0.0316,154.648,,,,,,
0.0317,0.846,0.0317,2.969,0.0317,6.559,0.0317,12.752,0.0317,23.14,0.0317,52.979,0.0317,98.547,0.0317,154.744,,,,,,
0.0318,0.847,0.0318,2.974,0.0318,6.57,0.0318,12.776,0.0318,23.178,0.0318,53.055,0.0318,98.72,0.0318,154.84,,,,,,
0.0319,0.848,0.0319,2.98,0.0319,6.581,0.0319,12.8,0.0319,23.216,0.0319,53.132,0.0319,98.894,0.0319,154.935,,,,,,
0.032,0.85,0.032,2.986,0.032,6.592,0.032,12.824,0.032,23.255,0.032,53.208,0.032,99.067,0.032,155.031,,,,,,
0.0321,0.851,0.0321,2.992,0.0321,6.603,0.0321,12.847,0.0321,23.293,0.0321,53.285,0.0321,99.24,0.0321,155.127,,,,,,
0.0322,0.852,0.0322,2.997,0.0322,6.614,0.0322,12.871,0.0322,23.331,0.0322,53.361,0.0322,99.413,0.0322,155.222,,,,,,
0.0323,0.854,0.0323,3.003,0.0323,6.624,0.0323,12.895,0.0323,23.37,0.0323,53.438,0.0323,99.586,0.0323,155.318,,,,,,
0.0324,0.855,0.0324,3.009,0.0324,6.635,0.0324,12.919,0.0324,23.408,0.0324,53.514,0.0324,99.76,0.0324,155.414,,,,,,
0.0325,0.856,0.0325,3.014,0.0325,6.646,0.0325,12.943,0.0325,23.446,0.0325,53.591,0.0325,99.933,0.0325,155.51,,,,,,
0.0326,0.858,0.0326,3.02,0.0326,6.657,0.0326,12.967,0.0326,23.484,0.0326,53.668,0.0326,100.106,0.0326,155.605,,,,,,
0.0327,0.859,0.0327,3.026,0.0327,6.668,0.0327,12.991,0.0327,23.523,0.0327,53.744,0.0327,100.279,0.0327,155.701,,,,,,
0.0328,0.861,0.0328,3.032,0.0328,6.679,0.0328,13.015,0.0328,23.561,0.0328,53.821,0.0328,100.452,0.0328,155.797,,,,,,
0.0329,0.862,0.0329,3.037,0.0329,6.69,0.0329,13.039,0.0329,23.599,0.0329,53.897,0.0329,100.626,0.0329,155.892,,,,,,
0.033,0.863,0.033,3.043,0.033,6.701,0.033,13.063,0.033,23.637,0.033,53.974,0.033,100.799,0.033,155.988,,,,,,
0.0331,0.865,0.0331,3.049,0.0331,6.712,0.0331,13.087,0.0331,23.676,0.0331,54.05,0.0331,100.972,0.0331,156.084,,,,,,
0.0332,0.866,0.0332,3.055,0.0332,6.723,0.0332,13.111,0.0332,23.714,0.0332,54.127,0.0332,101.145,0.0332,156.179,,,,,,
0.0333,0.867,0.0333,3.06,0.0333,6.734,0.0333,13.135,0.0333,23.752,0.0333,54.203,0.0333,101.319,0.0333,156.275,,,,,,
0.0334,0.869,0.0334,3.066,0.0334,6.744,0.0334,13.159,0.0334,23.791,0.0334,54.28,0.0334,101.492,0.0334,156.371,,,,,,
0.0335,0.87,0.0335,3.072,0.0335,6.755,0.0335,13.182,0.0335,23.829,0.0335,54.357,0.0335,101.665,0.0335,156.467,,,,,,
0.0336,0.871,0.0336,3.078,0.0336,6.766,0.0336,13.206,0.0336,23.867,0.0336,54.433,0.0336,101.838,0.0336,156.562,,,,,,
0.0337,0.873,0.0337,3.083,0.0337,6.777,0.0337,13.23,0.0337,23.905,0.0337,54.51,0.0337,102.011,0.0337,156.658,,,,,,
0.0338,0.874,0.0338,3.089,0.0338,6.788,0.0338,13.254,0.0338,23.944,0.0338,54.586,0.0338,102.185,0.0338,156.754,,,,,,
0.0339,0.875,0.0339,3.095,0.0339,6.799,0.0339,13.278,0.0339,23.982,0.0339,54.663,0.0339,102.358,0.0339,156.849,,,,,,
0.034,0.877,0.034,3.101,0.034,6.81,0.034,13.302,0.034,24.02,0.034,54.739,0.034,102.531,0.034,156.945,,,,,,
0.0341,0.878,0.0341,3.106,0.0341,6.821,0.0341,13.326,0.0341,24.059,0.0341,54.816,0.0341,102.704,0.0341,157.041,,,,,,
0.0342,0.879,0.0342,3.112,0.0342,6.832,0.0342,13.35,0.0342,24.097,0.0342,54.892,0.0342,102.877,0.0342,157.136,,,,,,
0.0343,0.881,0.0343,3.118,0.0343,6.843,0.0343,13.374,0.0343,24.135,0.0343,54.969,0.0343,103.051,0.0343,157.232,,,,,,
0.0344,0.882,0.0344,3.124,0.0344,6.854,0.0344,13.398,0.0344,24.173,0.0344,55.046,0.0344,103.224,0.0344,157.328,,,,,,
0.0345,0.883,0.0345,3.129,0.0345,6.864,0.0345,13.422,0.0345,24.212,0.0345,55.122,0.0345,103.397,0.0345,157.424,,,,,,
0.0346,0.885,0.0346,3.135,0.0346,6.875,0.0346,13.446,0.0346,24.25,0.0346,55.199,0.0346,103.57,0.0346,157.519,,,,,,
0.0347,0.886,0.0347,3.141,0.0347,6.886,0.0347,13.47,0.0347,24.288,0.0347,55.275,0.0347,103.744,0.0347,157.615,,,,,,
0.0348,0.887,0.0348,3.147,0.0348,6.897,0.0348,13.493,0.0348,24.326,0.0348,55.352,0.0348,103.917,0.0348,157.711,,,,,,
0.0349,0.889,0.0349,3.152,0.0349,6.908,0.0349,13.517,0.0349,24.365,0.0349,55.428,0.0349,104.09,0.0349,157.806,,,,,,
0.035,0.89,0.035,3.158,0.035,6.919,0.035,13.541,0.035,24.403,0.035,55.505,0.035,104.263,0.035,157.902,,,,,,
0.0351,0.891,0.0351,3.164,0.0351,6.93,0.0351,13.565,0.0351,24.441,0.0351,55.582,0.0351,104.436,0.0351,157.998,,,,,,
0.0352,0.893,0.0352,3.17,0.0352,6.941,0.0352,13.589,0.0352,24.48,0.0352,55.658,0.0352,104.61,0.0352,158.093,,,,,,
0.0353,0.894,0.0353,3.175,0.0353,6.952,0.0353,13.613,0.0353,24.518,0.0353,55.735,0.0353,104.783,0.0353,158.189,,,,,,
0.0354,0.895,0.0354,3.181,0.0354,6.963,0.0354,13.637,0.0354,24.556,0.0354,55.811,0.0354,104.956,0.0354,158.285,,,,,,
0.0355,0.897,0.0355,3.187,0.0355,6.974,0.0355,13.661,0.0355,24.594,0.0355,55.888,0.0355,105.129,0.0355,158.381,,,,,,
0.0356,0.898,0.0356,3.192,0.0356,6.984,0.0356,13.685,0.0356,24.633,0.0356,55.964,0.0356,105.302,0.0356,158.476,,,,,,
0.0357,0.899,0.0357,3.198,0.0357,6.995,0.0357,13.709,0.0357,24.671,0.0357,56.041,0.0357,105.476,0.0357,158.572,,,,,,
0.0358,0.901,0.0358,3.204,0.0358,7.006,0.0358,13.733,0.0358,24.709,0.0358,56.117,0.0358,105.649,0.0358,158.668,,,,,,
0.0359,0.902,0.0359,3.21,0.0359,7.017,0.0359,13.757,0.0359,24.748,0.0359,56.194,0.0359,105.822,0.0359,158.763,,,,,,
0.036,0.903,0.036,3.215,0.036,7.028,0.036,13.781,0.036,24.786,0.036,56.271,0.036,105.995,0.036,158.859,,,,,,
0.0361,0.905,0.0361,3.221,0.0361,7.039,0.0361,13.804,0.0361,24.824,0.0361,56.347,0.0361,106.169,0.0361,158.955,,,,,,
0.0362,0.906,0.0362,3.227,0.0362,7.05,0.0362,13.828,0.0362,24.862,0.0362,56.424,0.0362,106.342,0.0362,159.05,,,,,,
0.0363,0.907,0.0363,3.233,0.0363,7.061,0.0363,13.852,0.0363,24.901,0.0363,56.5,0.0363,106.515,0.0363,159.146,,,,,,
0.0364,0.909,0.0364,3.238,0.0364,7.072,0.0364,13.876,0.0364,24.939,0.0364,56.577,0.0364,106.688,0.0364,159.242,,,,,,
0.0365,0.91,0.0365,3.244,0.0365,7.083,0.0365,13.9,0.0365,24.977,0.0365,56.653,0.0365,106.861,0.0365,159.338,,,,,,
0.0366,0.911,0.0366,3.25,0.0366,7.094,0.0366,13.924,0.0366,25.016,0.0366,56.73,0.0366,107.035,0.0366,159.433,,,,,,
0.0367,0.913,0.0367,3.256,0.0367,7.104,0.0367,13.948,0.0367,25.054,0.0367,56.806,0.0367,107.208,0.0367,159.529,,,,,,
0.0368,0.914,0.0368,3.261,0.0368,7.115,0.0368,13.972,0.0368,25.092,0.0368,56.883,0.0368,107.381,0.0368,159.625,,,,,,
0.0369,0.915,0.0369,3.267,0.0369,7.126,0.0369,13.996,0.0369,25.13,0.0369,56.96,0.0369,107.554,0.0369,159.72,,,,,,
0.037,0.917,0.037,3.273,0.037,7.137,0.037,14.02,0.037,25.169,0.037,57.036,0.037,107.727,0.037,159.816,,,,,,
0.0371,0.918,0.0371,3.279,0.0371,7.148,0.0371,14.044,0.0371,25.207,0.0371,57.113,0.0371,107.901,0.0371,159.912,,,,,,
0.0372,0.919,0.0372,3.284,0.0372,7.159,0.0372,14.068,0.0372,25.245,0.0372,57.189,0.0372,108.074,0.0372,160.007,,,,,,
0.0373,0.921,0.0373,3.29,0.0373,7.17,0.0373,14.092,0.0373,25.283,0.0373,57.266,0.0373,108.247,0.0373,160.103,,,,,,
0.0374,0.922,0.0374,3.296,0.0374,7.181,0.0374,14.115,0.0374,25.322,0.0374,57.342,0.0374,108.42,0.0374,160.199,,,,,,
0.0375,0.923,0.0375,3.302,0.0375,7.192,0.0375,14.139,0.0375,25.36,0.0375,57.419,0.0375,108.594,0.0375,160.294,,,,,,
0.0376,0.925,0.0376,3.307,0.0376,7.203,0.0376,14.163,0.0376,25.398,0.0376,57.495,0.0376,108.767,0.0376,160.39,,,,,,
0.0377,0.926,0.0377,3.313,0.0377,7.214,0.0377,14.187,0.0377,25.437,0.0377,57.572,0.0377,108.94,0.0377,160.486,,,,,,
0.0378,0.928,0.0378,3.319,0.0378,7.224,0.0378,14.211,0.0378,25.475,0.0378,57.649,0.0378,109.113,0.0378,160.582,,,,,,
0.0379,0.929,0.0379,3.325,0.0379,7.235,0.0379,14.235,0.0379,25.513,0.0379,57.725,0.0379,109.286,0.0379,160.677,,,,,,
0.038,0.93,0.038,3.33,0.038,7.246,0.038,14.259,0.038,25.551,0.038,57.802,0.038,109.46,0.038,160.773,,,,,,
0.0381,0.932,0.0381,3.336,0.0381,7.257,0.0381,14.283,0.0381,25.59,0.0381,57.878,0.0381,109.633,0.0381,160.869,,,,,,
0.0382,0.933,0.0382,3.342,0.0382,7.268,0.0382,14.307,0.0382,25.628,0.0382,57.955,0.0382,109.806,0.0382,160.964,,,,,,
0.0383,0.934,0.0383,3.348,0.0383,7.279,0.0383,14.331,0.0383,25.666,0.0383,58.031,0.0383,109.979,0.0383,161.06,,,,,,
0.0384,0.936,0.0384,3.353,0.0384,7.29,0.0384,14.355,0.0384,25.705,0.0384,58.108,0.0384,110.152,0.0384,161.156,,,,,,
0.0385,0.937,0.0385,3.359,0.0385,7.301,0.0385,14.379,0.0385,25.743,0.0385,58.185,0.0385,110.326,0.0385,161.251,,,,,,
0.0386,0.938,0.0386,3.365,0.0386,7.312,0.0386,14.403,0.0386,25.781,0.0386,58.261,0.0386,110.499,0.0386,161.347,,,,,,
0.0387,0.94,0.0387,3.37,0.0387,7.323,0.0387,14.427,0.0387,25.819,0.0387,58.338,0.0387,110.672,0.0387,161.443,,,,,,
0.0388,0.941,0.0388,3.376,0.0388,7.334,0.0388,14.45,0.0388,25.858,0.0388,58.414,0.0388,110.845,0.0388,161.539,,,,,,
0.0389,0.942,0.0389,3.382,0.0389,7.344,0.0389,14.474,0.0389,25.896,0.0389,58.491,0.0389,111.019,0.0389,161.634,,,,,,
0.039,0.944,0.039,3.388,0.039,7.355,0.039,14.498,0.039,25.934,0.039,58.567,0.039,111.192,0.039,161.73,,,,,,
0.0391,0.945,0.0391,3.393,0.0391,7.366,0.0391,14.522,0.0391,25.972,0.0391,58.644,0.0391,111.365,0.0391,161.826,,,,,,
0.0392,0.946,0.0392,3.399,0.0392,7.377,0.0392,14.546,0.0392,26.011,0.0392,58.72,0.0392,111.538,0.0392,161.921,,,,,,
0.0393,0.948,0.0393,3.405,0.0393,7.388,0.0393,14.57,0.0393,26.049,0.0393,58.797,0.0393,111.711,0.0393,162.017,,,,,,
0.0394,0.949,0.0394,3.411,0.0394,7.399,0.0394,14.594,0.0394,26.087,0.0394,58.874,0.0394,111.885,0.0394,162.113,,,,,,
0.0395,0.95,0.0395,3.416,0.0395,7.41,0.0395,14.618,0.0395,26.126,0.0395,58.95,0.0395,112.058,0.0395,162.208,,,,,,
0.0396,0.952,0.0396,3.422,0.0396,7.421,0.0396,14.642,0.0396,26.164,0.0396,59.027,0.0396,112.231,0.0396,162.304,,,,,,
0.0397,0.953,0.0397,3.428,0.0397,7.432,0.0397,14.666,0.0397,26.202,0.0397,59.103,0.0397,112.404,0.0397,162.4,,,,,,
0.0398,0.954,0.0398,3.434,0.0398,7.443,0.0398,14.69,0.0398,26.24,0.0398,59.18,0.0398,112.577,0.0398,162.496,,,,,,
0.0399,0.956,0.0399,3.439,0.0399,7.454,0.0399,14.714,0.0399,26.279,0.0399,59.256,0.0399,112.751,0.0399,162.591,,,,,,
0.04,0.957,0.04,3.445,0.04,7.464,0.04,14.738,0.04,26.317,0.04,59.333,0.04,112.924,0.04,162.687,,,,,,
0.0401,0.958,0.0401,3.448,0.0401,7.475,0.0401,14.753,0.0401,26.365,0.0401,59.438,0.0401,113.039,0.0401,162.878,,,,,,
0.0402,0.959,0.0402,3.45,0.0402,7.485,0.0402,14.768,0.0402,26.413,0.0402,59.543,0.0402,113.154,0.0402,163.07,,,,,,
0.0403,0.96,0.0403,3.453,0.0403,7.495,0.0403,14.783,0.0403,26.461,0.0403,59.649,0.0403,113.268,0.0403,163.261,,,,,,
0.0404,0.962,0.0404,3.456,0.0404,7.506,0.0404,14.799,0.0404,26.508,0.0404,59.754,0.0404,113.383,0.0404,163.453,,,,,,
0.0405,0.963,0.0405,3.459,0.0405,7.516,0.0405,14.814,0.0405,26.556,0.0405,59.859,0.0405,113.498,0.0405,163.644,,,,,,
0.0406,0.964,0.0406,3.461,0.0406,7.526,0.0406,14.829,0.0406,26.604,0.0406,59.964,0.0406,113.613,0.0406,163.835,,,,,,
0.0407,0.965,0.0407,3.464,0.0407,7.537,0.0407,14.845,0.0407,26.652,0.0407,60.07,0.0407,113.728,0.0407,164.027,,,,,,
0.0408,0.966,0.0408,3.467,0.0408,7.547,0.0408,14.86,0.0408,26.7,0.0408,60.175,0.0408,113.843,0.0408,164.218,,,,,,
0.0409,0.967,0.0409,3.469,0.0409,7.557,0.0409,14.875,0.0409,26.748,0.0409,60.28,0.0409,113.957,0.0409,164.41,,,,,,
0.041,0.968,0.041,3.472,0.041,7.568,0.041,14.891,0.041,26.795,0.041,60.386,0.041,114.072,0.041,164.601,,,,,,
0.0411,0.97,0.0411,3.475,0.0411,7.578,0.0411,14.906,0.0411,26.843,0.0411,60.491,0.0411,114.187,0.0411,164.792,,,,,,
0.0412,0.971,0.0412,3.477,0.0412,7.588,0.0412,14.921,0.0412,26.891,0.0412,60.596,0.0412,114.302,0.0412,164.984,,,,,,
0.0413,0.972,0.0413,3.48,0.0413,7.599,0.0413,14.937,0.0413,26.939,0.0413,60.701,0.0413,114.417,0.0413,165.175,,,,,,
0.0414,0.973,0.0414,3.483,0.0414,7.609,0.0414,14.952,0.0414,26.987,0.0414,60.807,0.0414,114.532,0.0414,165.366,,,,,,
0.0415,0.974,0.0415,3.485,0.0415,7.619,0.0415,14.967,0.0415,27.035,0.0415,60.912,0.0415,114.646,0.0415,165.558,,,,,,
0.0416,0.975,0.0416,3.488,0.0416,7.63,0.0416,14.983,0.0416,27.083,0.0416,61.017,0.0416,114.761,0.0416,165.749,,,,,,
0.0417,0.977,0.0417,3.491,0.0417,7.64,0.0417,14.998,0.0417,27.13,0.0417,61.122,0.0417,114.876,0.0417,165.941,,,,,,
0.0418,0.978,0.0418,3.493,0.0418,7.65,0.0418,15.013,0.0418,27.178,0.0418,61.228,0.0418,114.991,0.0418,166.132,,,,,,
0.0419,0.979,0.0419,3.496,0.0419,7.661,0.0419,15.028,0.0419,27.226,0.0419,61.333,0.0419,115.106,0.0419,166.323,,,,,,
0.042,0.98,0.042,3.499,0.042,7.671,0.042,15.044,0.042,27.274,0.042,61.438,0.042,115.221,0.042,166.515,,,,,,
0.0421,0.981,0.0421,3.501,0.0421,7.682,0.0421,15.059,0.0421,27.322,0.0421,61.544,0.0421,115.335,0.0421,166.706,,,,,,
0.0422,0.982,0.0422,3.504,0.0422,7.692,0.0422,15.074,0.0422,27.37,0.0422,61.649,0.0422,115.45,0.0422,166.898,,,,,,
0.0423,0.983,0.0423,3.507,0.0423,7.702,0.0423,15.09,0.0423,27.418,0.0423,61.754,0.0423,115.565,0.0423,167.089,,,,,,
0.0424,0.985,0.0424,3.509,0.0424,7.713,0.0424,15.105,0.0424,27.465,0.0424,61.859,0.0424,115.68,0.0424,167.28,,,,,,
0.0425,0.986,0.0425,3.512,0.0425,7.723,0.0425,15.12,0.0425,27.513,0.0425,61.965,0.0425,115.795,0.0425,167.472,,,,,,
0.0426,0.987,0.0426,3.515,0.0426,7.733,0.0426,15.136,0.0426,27.561,0.0426,62.07,0.0426,115.91,0.0426,167.663,,,,,,
0.0427,0.988,0.0427,3.517,0.0427,7.744,0.0427,15.151,0.0427,27.609,0.0427,62.175,0.0427,116.024,0.0427,167.855,,,,,,
0.0428,0.989,0.0428,3.52,0.0428,7.754,0.0428,15.166,0.0428,27.657,0.0428,62.28,0.0428,116.139,0.0428,168.046,,,,,,
0.0429,0.99,0.0429,3.523,0.0429,7.764,0.0429,15.182,0.0429,27.705,0.0429,62.386,0.0429,116.254,0.0429,168.237,,,,,,
0.043,0.991,0.043,3.526,0.043,7.775,0.043,15.197,0.043,27.752,0.043,62.491,0.043,116.369,0.043,168.429,,,,,,
0.0431,0.993,0.0431,3.528,0.0431,7.785,0.0431,15.212,0.0431,27.8,0.0431,62.596,0.0431,116.484,0.0431,168.62,,,,,,
0.0432,0.994,0.0432,3.531,0.0432,7.795,0.0432,15.227,0.0432,27.848,0.0432,62.701,0.0432,116.599,0.0432,168.812,,,,,,
0.0433,0.995,0.0433,3.534,0.0433,7.806,0.0433,15.243,0.0433,27.896,0.0433,62.807,0.0433,116.714,0.0433,169.003,,,,,,
0.0434,0.996,0.0434,3.536,0.0434,7.816,0.0434,15.258,0.0434,27.944,0.0434,62.912,0.0434,116.828,0.0434,169.194,,,,,,
0.0435,0.997,0.0435,3.539,0.0435,7.826,0.0435,15.273,0.0435,27.992,0.0435,63.017,0.0435,116.943,0.0435,169.386,,,,,,
0.0436,0.998,0.0436,3.542,0.0436,7.837,0.0436,15.289,0.0436,28.04,0.0436,63.123,0.0436,117.058,0.0436,169.577,,,,,,
0.0437,0.999,0.0437,3.544,0.0437,7.847,0.0437,15.304,0.0437,28.087,0.0437,63.228,0.0437,117.173,0.0437,169.769,,,,,,
0.0438,1.001,0.0438,3.547,0.0438,7.857,0.0438,15.319,0.0438,28.135,0.0438,63.333,0.0438,117.288,0.0438,169.96,,,,,,
0.0439,1.002,0.0439,3.55,0.0439,7.868,0.0439,15.335,0.0439,28.183,0.0439,63.438,0.0439,117.403,0.0439,170.151,,,,,,
0.044,1.003,0.044,3.552,0.044,7.878,0.044,15.35,0.044,28.231,0.044,63.544,0.044,117.517,0.044,170.343,,,,,,
0.0441,1.004,0.0441,3.555,0.0441,7.888,0.0441,15.365,0.0441,28.279,0.0441,63.649,0.0441,117.632,0.0441,170.534,,,,,,
0.0442,1.005,0.0442,3.558,0.0442,7.899,0.0442,15.381,0.0442,28.327,0.0442,63.754,0.0442,117.747,0.0442,170.726,,,,,,
0.0443,1.006,0.0443,3.56,0.0443,7.909,0.0443,15.396,0.0443,28.375,0.0443,63.859,0.0443,117.862,0.0443,170.917,,,,,,
0.0444,1.008,0.0444,3.563,0.0444,7.919,0.0444,15.411,0.0444,28.422,0.0444,63.965,0.0444,117.977,0.0444,171.108,,,,,,
0.0445,1.009,0.0445,3.566,0.0445,7.93,0.0445,15.427,0.0445,28.47,0.0445,64.07,0.0445,118.092,0.0445,171.3,,,,,,
0.0446,1.01,0.0446,3.568,0.0446,7.94,0.0446,15.442,0.0446,28.518,0.0446,64.175,0.0446,118.206,0.0446,171.491,,,,,,
0.0447,1.011,0.0447,3.571,0.0447,7.95,0.0447,15.457,0.0447,28.566,0.0447,64.28,0.0447,118.321,0.0447,171.683,,,,,,
0.0448,1.012,0.0448,3.574,0.0448,7.961,0.0448,15.472,0.0448,28.614,0.0448,64.386,0.0448,118.436,0.0448,171.874,,,,,,
0.0449,1.013,0.0449,3.576,0.0449,7.971,0.0449,15.488,0.0449,28.662,0.0449,64.491,0.0449,118.551,0.0449,172.065,,,,,,
0.045,1.014,0.045,3.579,0.045,7.981,0.045,15.503,0.045,28.709,0.045,64.596,0.045,118.666,0.045,172.257,,,,,,
0.0451,1.016,0.0451,3.581,0.0451,7.992,0.0451,15.53,0.0451,28.748,0.0451,64.663,0.0451,118.781,,,,,,,,
0.0452,1.017,0.0452,3.582,0.0452,8.003,0.0452,15.557,0.0452,28.786,0.0452,64.73,0.0452,118.895,,,,,,,,
0.0453,1.018,0.0453,3.584,0.0453,8.013,0.0453,15.583,0.0453,28.824,0.0453,64.797,0.0453,119.01,,,,,,,,
0.0454,1.019,0.0454,3.585,0.0454,8.024,0.0454,15.61,0.0454,28.863,0.0454,64.864,0.0454,119.125,,,,,,,,
0.0455,1.02,0.0455,3.587,0.0455,8.035,0.0455,15.637,0.0455,28.901,0.0455,64.931,0.0455,119.24,,,,,,,,
0.0456,1.021,0.0456,3.588,0.0456,8.046,0.0456,15.664,0.0456,28.939,0.0456,64.998,0.0456,119.355,,,,,,,,
0.0457,1.022,0.0457,3.59,0.0457,8.056,0.0457,15.691,0.0457,28.977,0.0457,65.065,0.0457,119.47,,,,,,,,
0.0458,1.024,0.0458,3.591,0.0458,8.067,0.0458,15.717,0.0458,29.016,0.0458,65.132,0.0458,119.584,,,,,,,,
0.0459,1.025,0.0459,3.593,0.0459,8.078,0.0459,15.744,0.0459,29.054,0.0459,65.199,0.0459,119.699,,,,,,,,
0.046,1.026,0.046,3.594,0.046,8.088,0.046,15.771,0.046,29.092,0.046,65.266,0.046,119.814,,,,,,,,
0.0461,1.027,0.0461,3.596,0.0461,8.099,0.0461,15.798,0.0461,29.131,0.0461,65.333,0.0461,119.929,,,,,,,,
0.0462,1.028,0.0462,3.597,0.0462,8.11,0.0462,15.825,0.0462,29.169,0.0462,65.4,0.0462,120.044,,,,,,,,
0.0463,1.029,0.0463,3.599,0.0463,8.121,0.0463,15.851,0.0463,29.207,0.0463,65.467,0.0463,120.159,,,,,,,,
0.0464,1.03,0.0464,3.601,0.0464,8.131,0.0464,15.878,0.0464,29.245,0.0464,65.534,0.0464,120.273,,,,,,,,
0.0465,1.032,0.0465,3.602,0.0465,8.142,0.0465,15.905,0.0465,29.284,0.0465,65.601,0.0465,120.388,,,,,,,,
0.0466,1.033,0.0466,3.604,0.0466,8.153,0.0466,15.932,0.0466,29.322,0.0466,65.668,0.0466,120.503,,,,,,,,
0.0467,1.034,0.0467,3.605,0.0467,8.163,0.0467,15.959,0.0467,29.36,0.0467,65.735,0.0467,120.618,,,,,,,,
0.0468,1.035,0.0468,3.607,0.0468,8.174,0.0468,15.985,0.0468,29.398,0.0468,65.802,0.0468,120.733,,,,,,,,
0.0469,1.036,0.0469,3.608,0.0469,8.185,0.0469,16.012,0.0469,29.437,0.0469,65.869,0.0469,120.848,,,,,,,,
0.047,1.037,0.047,3.61,0.047,8.196,0.047,16.039,0.047,29.475,0.047,65.936,0.047,120.963,,,,,,,,
0.0471,1.039,0.0471,3.611,0.0471,8.206,0.0471,16.066,0.0471,29.513,0.0471,66.003,0.0471,121.077,,,,,,,,
0.0472,1.04,0.0472,3.613,0.0472,8.217,0.0472,16.093,0.0472,29.552,0.0472,66.07,0.0472,121.192,,,,,,,,
0.0473,1.041,0.0473,3.614,0.0473,8.228,0.0473,16.119,0.0473,29.59,0.0473,66.137,0.0473,121.307,,,,,,,,
0.0474,1.042,0.0474,3.616,0.0474,8.238,0.0474,16.146,0.0474,29.628,0.0474,66.204,0.0474,121.422,,,,,,,,
0.0475,1.043,0.0475,3.617,0.0475,8.249,0.0475,16.173,0.0475,29.666,0.0475,66.271,0.0475,121.537,,,,,,,,
0.0476,1.044,0.0476,3.619,0.0476,8.26,0.0476,16.2,0.0476,29.705,0.0476,66.338,0.0476,121.652,,,,,,,,
0.0477,1.045,0.0477,3.62,0.0477,8.271,0.0477,16.227,0.0477,29.743,0.0477,66.405,0.0477,121.766,,,,,,,,
0.0478,1.047,0.0478,3.622,0.0478,8.281,0.0478,16.253,0.0478,29.781,0.0478,66.472,0.0478,121.881,,,,,,,,
0.0479,1.048,0.0479,3.624,0.0479,8.292,0.0479,16.28,0.0479,29.82,0.0479,66.539,0.0479,121.996,,,,,,,,
0.048,1.049,0.048,3.625,0.048,8.303,0.048,16.307,0.048,29.858,0.048,66.606,0.048,122.111,,,,,,,,
0.0481,1.05,0.0481,3.627,0.0481,8.313,0.0481,16.334,0.0481,29.896,0.0481,66.673,0.0481,122.226,,,,,,,,
0.0482,1.051,0.0482,3.628,0.0482,8.324,0.0482,16.361,0.0482,29.934,0.0482,66.74,0.0482,122.341,,,,,,,,
0.0483,1.052,0.0483,3.63,0.0483,8.335,0.0483,16.387,0.0483,29.973,0.0483,66.807,0.0483,122.455,,,,,,,,
0.0484,1.053,0.0484,3.631,0.0484,8.346,0.0484,16.414,0.0484,30.011,0.0484,66.874,0.0484,122.57,,,,,,,,
0.0485,1.055,0.0485,3.633,0.0485,8.356,0.0485,16.441,0.0485,30.049,0.0485,66.941,0.0485,122.685,,,,,,,,
0.0486,1.056,0.0486,3.634,0.0486,8.367,0.0486,16.468,0.0486,30.088,0.0486,67.008,0.0486,122.8,,,,,,,,
0.0487,1.057,0.0487,3.636,0.0487,8.378,0.0487,16.495,0.0487,30.126,0.0487,67.075,0.0487,122.915,,,,,,,,
0.0488,1.058,0.0488,3.637,0.0488,8.389,0.0488,16.521,0.0488,30.164,0.0488,67.142,0.0488,123.03,,,,,,,,
0.0489,1.059,0.0489,3.639,0.0489,8.399,0.0489,16.548,0.0489,30.202,0.0489,67.209,0.0489,123.144,,,,,,,,
0.049,1.06,0.049,3.64,0.049,8.41,0.049,16.575,0.049,30.241,0.049,67.276,0.049,123.259,,,,,,,,
0.0491,1.061,0.0491,3.642,0.0491,8.421,0.0491,16.602,0.0491,30.279,0.0491,67.343,0.0491,123.374,,,,,,,,
0.0492,1.063,0.0492,3.643,0.0492,8.431,0.0492,16.629,0.0492,30.317,0.0492,67.41,0.0492,123.489,,,,,,,,
0.0493,1.064,0.0493,3.645,0.0493,8.442,0.0493,16.655,0.0493,30.355,0.0493,67.477,0.0493,123.604,,,,,,,,
0.0494,1.065,0.0494,3.646,0.0494,8.453,0.0494,16.682,0.0494,30.394,0.0494,67.544,0.0494,123.719,,,,,,,,
0.0495,1.066,0.0495,3.648,0.0495,8.464,0.0495,16.709,0.0495,30.432,0.0495,67.611,0.0495,123.833,,,,,,,,
0.0496,1.067,0.0496,3.65,0.0496,8.474,0.0496,16.736,0.0496,30.47,0.0496,67.678,0.0496,123.948,,,,,,,,
0.0497,1.068,0.0497,3.651,0.0497,8.485,0.0497,16.762,0.0497,30.509,0.0497,67.745,0.0497,124.063,,,,,,,,
0.0498,1.07,0.0498,3.653,0.0498,8.496,0.0498,16.789,0.0498,30.547,0.0498,67.812,0.0498,124.178,,,,,,,,
0.0499,1.071,0.0499,3.654,0.0499,8.506,0.0499,16.816,0.0499,30.585,0.0499,67.879,0.0499,124.293,,,,,,,,
0.05,1.072,0.05,3.656,0.05,8.517,0.05,16.843,0.05,30.623,0.05,67.946,0.05,124.408,,,,,,,,
0.0501,1.073,0.0501,3.661,0.0501,8.528,0.0501,16.862,0.0501,30.652,0.0501,68.022,0.0501,124.58,,,,,,,,
0.0502,1.073,0.0502,3.667,0.0502,8.538,0.0502,16.881,0.0502,30.681,0.0502,68.099,0.0502,124.752,,,,,,,,
0.0503,1.074,0.0503,3.672,0.0503,8.549,0.0503,16.9,0.0503,30.71,0.0503,68.175,0.0503,124.924,,,,,,,,
0.0504,1.075,0.0504,3.678,0.0504,8.559,0.0504,16.919,0.0504,30.738,0.0504,68.252,0.0504,125.097,,,,,,,,
0.0505,1.076,0.0505,3.683,0.0505,8.57,0.0505,16.939,0.0505,30.767,0.0505,68.329,0.0505,125.269,,,,,,,,
0.0506,1.076,0.0506,3.689,0.0506,8.58,0.0506,16.958,0.0506,30.796,0.0506,68.405,0.0506,125.441,,,,,,,,
0.0507,1.077,0.0507,3.695,0.0507,8.591,0.0507,16.977,0.0507,30.824,0.0507,68.482,0.0507,125.613,,,,,,,,
0.0508,1.078,0.0508,3.7,0.0508,8.601,0.0508,16.996,0.0508,30.853,0.0508,68.558,0.0508,125.786,,,,,,,,
0.0509,1.079,0.0509,3.706,0.0509,8.612,0.0509,17.015,0.0509,30.882,0.0509,68.635,0.0509,125.958,,,,,,,,
0.051,1.079,0.051,3.711,0.051,8.622,0.051,17.034,0.051,30.911,0.051,68.711,0.051,126.13,,,,,,,,
0.0511,1.08,0.0511,3.717,0.0511,8.633,0.0511,17.053,0.0511,30.939,0.0511,68.788,0.0511,126.302,,,,,,,,
0.0512,1.081,0.0512,3.722,0.0512,8.643,0.0512,17.073,0.0512,30.968,0.0512,68.864,0.0512,126.475,,,,,,,,
0.0513,1.082,0.0513,3.728,0.0513,8.654,0.0513,17.092,0.0513,30.997,0.0513,68.941,0.0513,126.647,,,,,,,,
0.0514,1.083,0.0514,3.733,0.0514,8.665,0.0514,17.111,0.0514,31.025,0.0514,69.018,0.0514,126.819,,,,,,,,
0.0515,1.083,0.0515,3.739,0.0515,8.675,0.0515,17.13,0.0515,31.054,0.0515,69.094,0.0515,126.992,,,,,,,,
0.0516,1.084,0.0516,3.744,0.0516,8.686,0.0516,17.149,0.0516,31.083,0.0516,69.171,0.0516,127.164,,,,,,,,
0.0517,1.085,0.0517,3.75,0.0517,8.696,0.0517,17.168,0.0517,31.111,0.0517,69.247,0.0517,127.336,,,,,,,,
0.0518,1.086,0.0518,3.756,0.0518,8.707,0.0518,17.187,0.0518,31.14,0.0518,69.324,0.0518,127.508,,,,,,,,
0.0519,1.086,0.0519,3.761,0.0519,8.717,0.0519,17.207,0.0519,31.169,0.0519,69.4,0.0519,127.681,,,,,,,,
0.052,1.087,0.052,3.767,0.052,8.728,0.052,17.226,0.052,31.198,0.052,69.477,0.052,127.853,,,,,,,,
0.0521,1.088,0.0521,3.772,0.0521,8.738,0.0521,17.245,0.0521,31.226,0.0521,69.553,0.0521,128.025,,,,,,,,
0.0522,1.089,0.0522,3.778,0.0522,8.749,0.0522,17.264,0.0522,31.255,0.0522,69.63,0.0522,128.197,,,,,,,,
0.0523,1.089,0.0523,3.783,0.0523,8.759,0.0523,17.283,0.0523,31.284,0.0523,69.707,0.0523,128.37,,,,,,,,
0.0524,1.09,0.0524,3.789,0.0524,8.77,0.0524,17.302,0.0524,31.312,0.0524,69.783,0.0524,128.542,,,,,,,,
0.0525,1.091,0.0525,3.794,0.0525,8.78,0.0525,17.321,0.0525,31.341,0.0525,69.86,0.0525,128.714,,,,,,,,
0.0526,1.092,0.0526,3.8,0.0526,8.791,0.0526,17.341,0.0526,31.37,0.0526,69.936,0.0526,128.886,,,,,,,,
0.0527,1.092,0.0527,3.806,0.0527,8.801,0.0527,17.36,0.0527,31.399,0.0527,70.013,0.0527,129.059,,,,,,,,
0.0528,1.093,0.0528,3.811,0.0528,8.812,0.0528,17.379,0.0528,31.427,0.0528,70.089,0.0528,129.231,,,,,,,,
0.0529,1.094,0.0529,3.817,0.0529,8.822,0.0529,17.398,0.0529,31.456,0.0529,70.166,0.0529,129.403,,,,,,,,
0.053,1.095,0.053,3.822,0.053,8.833,0.053,17.417,0.053,31.485,0.053,70.242,0.053,129.575,,,,,,,,
0.0531,1.096,0.0531,3.828,0.0531,8.843,0.0531,17.436,0.0531,31.513,0.0531,70.319,0.0531,129.748,,,,,,,,
0.0532,1.096,0.0532,3.833,0.0532,8.854,0.0532,17.455,0.0532,31.542,0.0532,70.396,0.0532,129.92,,,,,,,,
0.0533,1.097,0.0533,3.839,0.0533,8.865,0.0533,17.474,0.0533,31.571,0.0533,70.472,0.0533,130.092,,,,,,,,
0.0534,1.098,0.0534,3.844,0.0534,8.875,0.0534,17.494,0.0534,31.6,0.0534,70.549,0.0534,130.264,,,,,,,,
0.0535,1.099,0.0535,3.85,0.0535,8.886,0.0535,17.513,0.0535,31.628,0.0535,70.625,0.0535,130.437,,,,,,,,
0.0536,1.099,0.0536,3.855,0.0536,8.896,0.0536,17.532,0.0536,31.657,0.0536,70.702,0.0536,130.609,,,,,,,,
0.0537,1.1,0.0537,3.861,0.0537,8.907,0.0537,17.551,0.0537,31.686,0.0537,70.778,0.0537,130.781,,,,,,,,
0.0538,1.101,0.0538,3.867,0.0538,8.917,0.0538,17.57,0.0538,31.714,0.0538,70.855,0.0538,130.953,,,,,,,,
0.0539,1.102,0.0539,3.872,0.0539,8.928,0.0539,17.589,0.0539,31.743,0.0539,70.932,0.0539,131.126,,,,,,,,
0.054,1.102,0.054,3.878,0.054,8.938,0.054,17.608,0.054,31.772,0.054,71.008,0.054,131.298,,,,,,,,
0.0541,1.103,0.0541,3.883,0.0541,8.949,0.0541,17.628,0.0541,31.801,0.0541,71.085,0.0541,131.47,,,,,,,,
0.0542,1.104,0.0542,3.889,0.0542,8.959,0.0542,17.647,0.0542,31.829,0.0542,71.161,0.0542,131.642,,,,,,,,
0.0543,1.105,0.0543,3.894,0.0543,8.97,0.0543,17.666,0.0543,31.858,0.0543,71.238,0.0543,131.815,,,,,,,,
0.0544,1.106,0.0544,3.9,0.0544,8.98,0.0544,17.685,0.0544,31.887,0.0544,71.314,0.0544,131.987,,,,,,,,
0.0545,1.106,0.0545,3.905,0.0545,8.991,0.0545,17.704,0.0545,31.915,0.0545,71.391,0.0545,132.159,,,,,,,,
0.0546,1.107,0.0546,3.911,0.0546,9.001,0.0546,17.723,0.0546,31.944,0.0546,71.467,0.0546,132.331,,,,,,,,
0.0547,1.108,0.0547,3.917,0.0547,9.012,0.0547,17.742,0.0547,31.973,0.0547,71.544,0.0547,132.504,,,,,,,,
0.0548,1.109,0.0548,3.922,0.0548,9.022,0.0548,17.762,0.0548,32.001,0.0548,71.621,0.0548,132.676,,,,,,,,
0.0549,1.109,0.0549,3.928,0.0549,9.033,0.0549,17.781,0.0549,32.03,0.0549,71.697,0.0549,132.848,,,,,,,,
0.055,1.11,0.055,3.933,0.055,9.043,0.055,17.8,0.055,32.059,0.055,71.774,0.055,133.02,,,,,,,,
0.0551,1.111,0.0551,3.939,0.0551,9.054,0.0551,17.819,0.0551,32.088,0.0551,71.85,0.0551,133.193,,,,,,,,
0.0552,1.112,0.0552,3.944,0.0552,9.065,0.0552,17.838,0.0552,32.116,0.0552,71.927,0.0552,133.365,,,,,,,,
0.0553,1.112,0.0553,3.95,0.0553,9.075,0.0553,17.857,0.0553,32.145,0.0553,72.003,0.0553,133.537,,,,,,,,
0.0554,1.113,0.0554,3.955,0.0554,9.086,0.0554,17.876,0.0554,32.174,0.0554,72.08,0.0554,133.71,,,,,,,,
0.0555,1.114,0.0555,3.961,0.0555,9.096,0.0555,17.896,0.0555,32.202,0.0555,72.156,0.0555,133.882,,,,,,,,
0.0556,1.115,0.0556,3.966,0.0556,9.107,0.0556,17.915,0.0556,32.231,0.0556,72.233,0.0556,134.054,,,,,,,,
0.0557,1.115,0.0557,3.972,0.0557,9.117,0.0557,17.934,0.0557,32.26,0.0557,72.31,0.0557,134.226,,,,,,,,
0.0558,1.116,0.0558,3.978,0.0558,9.128,0.0558,17.953,0.0558,32.289,0.0558,72.386,0.0558,134.399,,,,,,,,
0.0559,1.117,0.0559,3.983,0.0559,9.138,0.0559,17.972,0.0559,32.317,0.0559,72.463,0.0559,134.571,,,,,,,,
0.056,1.118,0.056,3.989,0.056,9.149,0.056,17.991,0.056,32.346,0.056,72.539,0.056,134.743,,,,,,,,
0.0561,1.119,0.0561,3.994,0.0561,9.159,0.0561,18.01,0.0561,32.375,0.0561,72.616,0.0561,134.915,,,,,,,,
0.0562,1.119,0.0562,4,0.0562,9.17,0.0562,18.03,0.0562,32.403,0.0562,72.692,0.0562,135.088,,,,,,,,
0.0563,1.12,0.0563,4.005,0.0563,9.18,0.0563,18.049,0.0563,32.432,0.0563,72.769,0.0563,135.26,,,,,,,,
0.0564,1.121,0.0564,4.011,0.0564,9.191,0.0564,18.068,0.0564,32.461,0.0564,72.845,0.0564,135.432,,,,,,,,
0.0565,1.122,0.0565,4.016,0.0565,9.201,0.0565,18.087,0.0565,32.49,0.0565,72.922,0.0565,135.604,,,,,,,,
0.0566,1.122,0.0566,4.022,0.0566,9.212,0.0566,18.106,0.0566,32.518,0.0566,72.999,0.0566,135.777,,,,,,,,
0.0567,1.123,0.0567,4.028,0.0567,9.222,0.0567,18.125,0.0567,32.547,0.0567,73.075,0.0567,135.949,,,,,,,,
0.0568,1.124,0.0568,4.033,0.0568,9.233,0.0568,18.144,0.0568,32.576,0.0568,73.152,0.0568,136.121,,,,,,,,
0.0569,1.125,0.0569,4.039,0.0569,9.243,0.0569,18.164,0.0569,32.604,0.0569,73.228,0.0569,136.293,,,,,,,,
0.057,1.125,0.057,4.044,0.057,9.254,0.057,18.183,0.057,32.633,0.057,73.305,0.057,136.466,,,,,,,,
0.0571,1.126,0.0571,4.05,0.0571,9.265,0.0571,18.202,0.0571,32.662,0.0571,73.381,0.0571,136.638,,,,,,,,
0.0572,1.127,0.0572,4.055,0.0572,9.275,0.0572,18.221,0.0572,32.691,0.0572,73.458,0.0572,136.81,,,,,,,,
0.0573,1.128,0.0573,4.061,0.0573,9.286,0.0573,18.24,0.0573,32.719,0.0573,73.534,0.0573,136.982,,,,,,,,
0.0574,1.128,0.0574,4.066,0.0574,9.296,0.0574,18.259,0.0574,32.748,0.0574,73.611,0.0574,137.155,,,,,,,,
0.0575,1.129,0.0575,4.072,0.0575,9.307,0.0575,18.278,0.0575,32.777,0.0575,73.688,0.0575,137.327,,,,,,,,
0.0576,1.13,0.0576,4.078,0.0576,9.317,0.0576,18.297,0.0576,32.805,0.0576,73.764,0.0576,137.499,,,,,,,,
0.0577,1.131,0.0577,4.083,0.0577,9.328,0.0577,18.317,0.0577,32.834,0.0577,73.841,0.0577,137.671,,,,,,,,
0.0578,1.132,0.0578,4.089,0.0578,9.338,0.0578,18.336,0.0578,32.863,0.0578,73.917,0.0578,137.844,,,,,,,,
0.0579,1.132,0.0579,4.094,0.0579,9.349,0.0579,18.355,0.0579,32.891,0.0579,73.994,0.0579,138.016,,,,,,,,
0.058,1.133,0.058,4.1,0.058,9.359,0.058,18.374,0.058,32.92,0.058,74.07,0.058,138.188,,,,,,,,
0.0581,1.134,0.0581,4.105,0.0581,9.37,0.0581,18.393,0.0581,32.949,0.0581,74.147,0.0581,138.36,,,,,,,,
0.0582,1.135,0.0582,4.111,0.0582,9.38,0.0582,18.412,0.0582,32.978,0.0582,74.224,0.0582,138.533,,,,,,,,
0.0583,1.135,0.0583,4.116,0.0583,9.391,0.0583,18.431,0.0583,33.006,0.0583,74.3,0.0583,138.705,,,,,,,,
0.0584,1.136,0.0584,4.122,0.0584,9.401,0.0584,18.451,0.0584,33.035,0.0584,74.377,0.0584,138.877,,,,,,,,
0.0585,1.137,0.0585,4.127,0.0585,9.412,0.0585,18.47,0.0585,33.064,0.0585,74.453,0.0585,139.049,,,,,,,,
0.0586,1.138,0.0586,4.133,0.0586,9.422,0.0586,18.489,0.0586,33.092,0.0586,74.53,0.0586,139.222,,,,,,,,
0.0587,1.138,0.0587,4.139,0.0587,9.433,0.0587,18.508,0.0587,33.121,0.0587,74.606,0.0587,139.394,,,,,,,,
0.0588,1.139,0.0588,4.144,0.0588,9.443,0.0588,18.527,0.0588,33.15,0.0588,74.683,0.0588,139.566,,,,,,,,
0.0589,1.14,0.0589,4.15,0.0589,9.454,0.0589,18.546,0.0589,33.179,0.0589,74.759,0.0589,139.739,,,,,,,,
0.059,1.141,0.059,4.155,0.059,9.465,0.059,18.565,0.059,33.207,0.059,74.836,0.059,139.911,,,,,,,,
0.0591,1.141,0.0591,4.161,0.0591,9.475,0.0591,18.585,0.0591,33.236,0.0591,74.913,0.0591,140.083,,,,,,,,
0.0592,1.142,0.0592,4.166,0.0592,9.486,0.0592,18.604,0.0592,33.265,0.0592,74.989,0.0592,140.255,,,,,,,,
0.0593,1.143,0.0593,4.172,0.0593,9.496,0.0593,18.623,0.0593,33.293,0.0593,75.066,0.0593,140.428,,,,,,,,
0.0594,1.144,0.0594,4.177,0.0594,9.507,0.0594,18.642,0.0594,33.322,0.0594,75.142,0.0594,140.6,,,,,,,,
0.0595,1.145,0.0595,4.183,0.0595,9.517,0.0595,18.661,0.0595,33.351,0.0595,75.219,0.0595,140.772,,,,,,,,
0.0596,1.145,0.0596,4.189,0.0596,9.528,0.0596,18.68,0.0596,33.38,0.0596,75.295,0.0596,140.944,,,,,,,,
0.0597,1.146,0.0597,4.194,0.0597,9.538,0.0597,18.699,0.0597,33.408,0.0597,75.372,0.0597,141.117,,,,,,,,
0.0598,1.147,0.0598,4.2,0.0598,9.549,0.0598,18.719,0.0598,33.437,0.0598,75.448,0.0598,141.289,,,,,,,,
0.0599,1.148,0.0599,4.205,0.0599,9.559,0.0599,18.738,0.0599,33.466,0.0599,75.525,0.0599,141.461,,,,,,,,
0.06,1.148,0.06,4.211,0.06,9.57,0.06,18.757,0.06,33.494,0.06,75.602,0.06,141.633,,,,,,,,